Date,y_true,y_pred_garch
2020-04-07,2.5739037821005606e-06,0.001990281290506671
2020-04-08,0.0011215379827876487,0.0019531176939026067
2020-04-09,0.00020688421797740076,0.0019166970804147356
2020-04-13,0.00010314554344381512,0.001881004596154807
2020-04-14,0.0009068866982340614,0.0018460256841968986
2020-04-15,0.0004962528185562035,0.001811746078640478
2020-04-16,3.363811896497496e-05,0.001778151798792156
2020-04-17,0.0006991228861560959,0.0017452291434637613
2020-04-20,0.00032554427789927443,0.001712964685384407
2020-04-21,0.0009706412053890433,0.0016813452657242743
2020-04-22,0.0005139878700855941,0.0016503579887278776
2020-04-23,2.911332599289505e-07,0.0016199902164546218
2020-04-24,0.00019105018763790566,0.001590229563624508
2020-04-27,0.00021336059807861146,0.0015610638925668862
2020-04-28,2.7627325071328855e-05,0.001532481308270191
2020-04-29,0.0006883646391487536,0.0015044701535306473
2020-04-30,8.565767785624542e-05,0.001477019004197961
2020-05-01,0.0008099836110055745,0.001450116664516062
2020-05-04,1.7984576145278888e-05,0.0014237521625569943
2020-05-05,8.099883356423576e-05,0.0013979147457460924
2020-05-06,4.905434064409296e-05,0.001372593876476621
2020-05-07,0.00013084970876234948,0.0013477792278120864
2020-05-08,0.00027991950351459883,0.00132346067927447
2020-05-11,1.7707456378094994e-08,0.0012996283127166624
2020-05-12,0.0004290435216066332,0.0012762724082774173
2020-05-13,0.00031035857005989447,0.0012533834404171757
2020-05-14,0.0001313067972404666,0.001230952074033143
2020-05-15,1.5356015352273723e-05,0.001208969160652032
2020-05-18,0.0009619431750512394,0.0011874257346989254
2020-05-19,0.00011108628182416233,0.0011663130098407272
2020-05-20,0.00027271188597998184,0.0011456223754027215
2020-05-21,6.0901921382761386e-05,0.0011253453928567686
2020-05-22,5.526945622341669e-06,0.001105473792379712
2020-05-26,0.00014918875858547479,0.0010859994694805896
2020-05-27,0.00021663269652514065,0.0010669144816952748
2020-05-28,4.452687970571929e-06,0.0010482110453471987
2020-05-29,2.304761873188161e-05,0.0010298815323728332
2020-06-01,1.4019157036855442e-05,0.0010119184672106394
2020-06-02,6.686835439077013e-05,0.0009943145237522133
2020-06-03,0.00018378332352022252,0.0009770625223543843
2020-06-04,1.1386501687578939e-05,0.0009601554269110484
2020-06-05,0.0006694645394941744,0.0009435863419835432
2020-06-08,0.00014327267447305266,0.0009273485099883916
2020-06-09,6.13048820186796e-05,0.0009114353084412699
2020-06-10,2.8379653668030332e-05,0.0008958402472560741
2020-06-11,0.003690889706301334,0.000880556966097985
2020-06-12,0.0001683840140605974,0.0008655792317894506
2020-06-15,6.852297972508118e-05,0.0008509009357680288
2020-06-16,0.00035287069722396273,0.0008365160915950541
2020-06-17,1.3008979063709732e-05,0.0008224188325141104
2020-06-18,3.5288756560037763e-07,0.000808603409058317
2020-06-19,3.209804396283304e-05,0.0007950641867054489
2020-06-22,4.191388401383702e-05,0.0007817956435799369
2020-06-23,1.847425839862041e-05,0.0007687923682008104
2020-06-24,0.0006861919396272889,0.0007560490572746626
2020-06-25,0.00011880624450483345,0.0007435605135327407
2020-06-26,0.0006014856447221968,0.0007313216436112766
2020-06-29,0.0002125439786269307,0.0007193274559741945
2020-06-30,0.00023385595126525346,0.0007075730588773483
2020-07-01,2.5095731228340102e-05,0.0006960536583734591
2020-07-02,2.0529693461786498e-05,0.0006847645563569377
2020-07-06,0.00024828086924957805,0.0006737011486477949
2020-07-07,0.00011831952480458556,0.0006628589231138604
2020-07-08,6.07929947921203e-05,0.0006522334578305415
2020-07-09,3.2030975677414834e-05,0.0006418204192773721
2020-07-10,0.00010840578277918688,0.000631615560570618
2020-07-13,8.84849742208033e-05,0.0006216147197312149
2020-07-14,0.00017735049481541388,0.0006118138179873351
2020-07-15,8.174071052641372e-05,0.0006022088581108895
2020-07-16,1.1641165428311026e-05,0.0005927959227872863
2020-07-17,8.09153631468008e-06,0.0005835711730177822
2020-07-20,7.008698928117524e-05,0.0005745308465537743
2020-07-21,2.814440184176457e-06,0.0005656712563623933
2020-07-22,3.284012701031985e-05,0.0005569887891227739
2020-07-23,0.00015367019773961967,0.000548479903752387
2020-07-24,3.8559629231092105e-05,0.0005401411299628347
2020-07-27,5.428637511843062e-05,0.000531969066844518
2020-07-28,4.2177691406967615e-05,0.0005239603814795996
2020-07-29,0.00015256655196838523,0.0005161118075826974
2020-07-30,1.4117316541660937e-05,0.000508420144168753
2020-07-31,5.838849130874812e-05,0.0005008822542475328
2020-08-03,5.1199214858498054e-05,0.0004934950635442288
2020-08-04,1.2999075197374056e-05,0.0004862555592456377
2020-08-05,4.107733748820828e-05,0.00047916078877140606
2020-08-06,4.105126384467999e-05,0.00047220785856984173
2020-08-07,4.004728849138915e-07,0.0004653939329377992
2020-08-10,7.4991920535734904e-06,0.00045871623286415837
2020-08-11,6.401688753590883e-05,0.0004521720348964244
2020-08-12,0.00019319616401016789,0.0004457586700299872
2020-08-13,4.199518501242365e-06,0.0004394735226195867
2020-08-14,2.9548714847509605e-08,0.00043331402931254075
2020-08-17,7.323396701684629e-06,0.00042727767800329966
2020-08-18,5.2934064793790035e-06,0.00042136200680890207
2020-08-19,1.948448490648089e-05,0.0004155646030649134
2020-08-20,9.945538397912305e-06,0.00040988310234143767
2020-08-21,1.1800598923014037e-05,0.00040431518747880194
2020-08-24,9.987234806163547e-05,0.00039885858764251883
2020-08-25,1.2887380183028998e-05,0.00039351107739714293
2020-08-26,0.00010290076328414614,0.00038827047579864297
2020-08-27,2.794400455663239e-06,0.0003831346455049191
2020-08-28,4.502413824124093e-05,0.00037810149190410316
2020-08-31,4.828457661941191e-06,0.00037316896226028616
2020-09-01,5.620248135048389e-05,0.00036833504487632446
2020-09-02,0.00023253353029025346,0.00036359776827338345
2020-09-03,0.0012786055388372447,0.00035895520038688395
2020-09-04,6.668814135764393e-05,0.00035440544777852337
2020-09-08,0.0007923565789391187,0.00034994665486405037
2020-09-09,0.00039779347787165817,0.000345577003156478
2020-09-10,0.00031475180698536546,0.0003412947105244268
2020-09-11,2.840145533990074e-07,0.0003370980304652949
2020-09-14,0.00016030940461587395,0.00033298525139295983
2020-09-15,2.7100207154188176e-05,0.00032895469593971987
2020-09-16,2.143363034601114e-05,0.00032500472027219176
2020-09-17,7.136785123696968e-05,0.0003211337134208849
2020-09-18,0.00012646300088953188,0.00031734009662317885
2020-09-21,0.00013545617261750847,0.00031362232267943634
2020-09-22,0.00010947471215268826,0.0003099788753219888
2020-09-23,0.0005763523217496225,0.0003064082685967374
2020-09-24,8.89832213894777e-06,0.0003029090462571172
2020-09-25,0.0002512364235996932,0.00029947978117017744
2020-09-28,0.00025543045645340997,0.00029611907473453536
2020-09-29,2.3273703612397488e-05,0.0002928255563099667
2020-09-30,6.756581184894551e-05,0.0002895978826583999
2020-10-01,2.7867308502371187e-05,0.00028643473739608567
2020-10-02,9.261777408692533e-05,0.0002833348304567197
2020-10-05,0.0003173068523492303,0.00028029689756529794
2020-10-06,0.00019802299612659883,0.0002773196997224911
2020-10-07,0.00029746465811753323,0.0002744020226993277
2020-10-08,6.365188099585856e-05,0.0002715426765419793
2020-10-09,7.665169162404225e-05,0.00026874049508644635
2020-10-12,0.0002651207883567378,0.00026599433548294646
2020-10-13,4.002955768717623e-05,0.00026330307772981135
2020-10-14,4.415831202676244e-05,0.0002606656242167019
2020-10-15,2.3376071123136684e-06,0.0002580808992769559
2020-10-16,1.8200831308238086e-08,0.00025554784874888466
2020-10-19,0.0002710851446602845,0.00025306543954584104
2020-10-20,2.2242498296400535e-05,0.0002506326592348821
2020-10-21,4.831705207861578e-06,0.0002482485156238558
2020-10-22,2.7095710301663337e-05,0.0002459120363567423
2020-10-23,1.1832487670419912e-05,0.0002436222685170855
2020-10-26,0.0003521054464168796,0.00024137827823935283
2020-10-27,9.182144465868602e-06,0.00023917915032806492
2020-10-28,0.001290644575795191,0.00023702398788453955
2020-10-29,0.00014105184465038122,0.00023491191194109791
2020-10-30,0.00014893062185401877,0.00023284206110258388
2020-11-02,0.0001498898465094393,0.0002308135911950502
2020-11-03,0.00031126619298918,0.00022882567492146804
2020-11-04,0.0004755681751974829,0.00022687750152431985
2020-11-05,0.00037145877369936485,0.00022496827645493764
2020-11-06,8.280385242600047e-08,0.00022309722104945194
2020-11-09,0.00013530283649958812,0.00022126357221121938
2020-11-10,1.9621712193968586e-06,0.000219466582099599
2020-11-11,5.8105987695954484e-05,0.00021770551782495084
2020-11-12,0.00010057385185253645,0.00021597966114973214
2020-11-13,0.00018275110505025255,0.00021428830819556925
2020-11-16,0.00013411342135291463,0.00021263076915618577
2020-11-17,2.3073072192268996e-05,0.00021100636801607003
2020-11-18,0.0001352850611260827,0.00020941444227476696
2020-11-19,1.5513166196769334e-05,0.00020785434267668203
2020-11-20,4.645427593659901e-05,0.00020632543294628685
2020-11-23,3.158561597569386e-05,0.00020482708952861888
2020-11-24,0.00025703973562362514,0.0002033587013349688
2020-11-25,2.5143644302598154e-06,0.00020191966949365252
2020-11-27,5.731767604341391e-06,0.00020050940710576544
2020-11-30,2.121653156756488e-05,0.00019912733900582
2020-12-01,0.00012562241709005264,0.00019777290152716854
2020-12-02,3.202541202038675e-06,0.00019644554227211578
2020-12-03,3.8981552016773146e-07,0.00019514471988662743
2020-12-04,7.739536782002975e-05,0.00019386990383954276
2020-12-07,3.753958326163207e-06,0.00019262057420620129
2020-12-08,7.746598406702115e-06,0.00019139622145639511
2020-12-09,6.369580150873404e-05,0.0001901963462465607
2020-12-10,1.6536276097154835e-06,0.00018902045921612517
2020-12-11,1.6022447900475157e-06,0.000187868080787924
2020-12-14,1.9086310730934242e-05,0.00018673874097260902
2020-12-15,0.00016482662063483137,0.00018563197917696644
2020-12-16,3.1372401980888234e-06,0.00018454734401606728
2020-12-17,3.296072075314047e-05,0.0001834843931291732
2020-12-18,1.2371377849594563e-05,0.00018244269299932286
2020-12-21,1.5318836200641568e-05,0.00018142181877652507
2020-12-22,4.306640530721059e-06,0.00018042135410448678
2020-12-23,5.558198593886787e-07,0.00017944089095080502
2020-12-24,1.2463370977663525e-05,0.00017848002944055396
2020-12-28,7.542414502774153e-05,0.00017753837769319864
2020-12-29,4.972297147934654e-06,0.00017661555166276926
2020-12-30,1.797337314839529e-06,0.00017571117498123087
2020-12-31,4.119335172133677e-05,0.00017482487880498426
2021-01-04,0.00022096117048483224,0.0001739563016644358
2021-01-05,4.981016074341659e-05,0.00017310508931657449
2021-01-06,3.241711947692045e-05,0.0001722708946004966
2021-01-07,0.00021721631100378262,0.00017145337729581854
2021-01-08,2.9995747835008227e-05,0.00017065220398392036
2021-01-11,4.3248084921136214e-05,0.00016986704791196338
2021-01-12,1.7280817821965873e-07,0.00016909758885962631
2021-01-13,5.166785337236348e-06,0.0001683435130085057
2021-01-14,1.4141458540187656e-05,0.00016760451281412742
2021-01-15,5.207066752075601e-05,0.0001668802868805166
2021-01-19,6.566602565458389e-05,0.00016617053983727573
2021-01-20,0.00019152947332127078,0.00016547498221911966
2021-01-21,1.0028189109631707e-07,0.00016479333034781943
2021-01-22,9.091145580820366e-06,0.0001641253062165061
2021-01-25,1.3027172909774583e-05,0.00016347063737628752
2021-01-26,2.2199306234680873e-06,0.00016282905682513208
2021-01-27,0.0006766925638498013,0.00016220030289897382
2021-01-28,9.434817316546818e-05,0.00016158411916499454
2021-01-29,0.0003802647286795112,0.00016098025431703956
2021-02-01,0.00025358333796418576,0.00016038846207312433
2021-02-02,0.00019050980166987504,0.00015980850107498996
2021-02-03,1.016589468455435e-06,0.000159240134789667
2021-02-04,0.0001165287356554878,0.00015868313141300728
2021-02-05,1.513147455486547e-05,0.00015813726377514401
2021-02-08,5.434796864195672e-05,0.0001576023092478424
2021-02-09,1.2413200207422546e-06,0.00015707804965370216
2021-02-10,1.191937802413815e-07,0.00015656427117717543
2021-02-11,2.7591695396575867e-06,0.00015606076427736367
2021-02-12,2.2089726706773802e-05,0.00015556732360255787
2021-02-16,3.242556673464472e-07,0.0001550837479064873
2021-02-17,1.0269034883208855e-07,0.00015460983996624266
2021-02-18,1.9586061288378335e-05,0.00015414540650184015
2021-02-19,3.447034466387646e-06,0.00015369025809739353
2021-02-22,6.026250607922661e-05,0.0001532442091238623
2021-02-23,1.5763546054199674e-06,0.00015280707766334413
2021-02-24,0.00012741144145062127,0.00015237868543488097
2021-02-25,0.0006142166391840724,0.00015195885772174844
2021-02-26,2.267218978488865e-05,0.00015154742330019883
2021-03-01,0.0005528222897950193,0.00015114421436962869
2021-03-02,6.58317826879565e-05,0.00015074906648414262
2021-03-03,0.00017298393948967503,0.00015036181848548515
2021-03-04,0.0001824670923490218,0.00014998231243731346
2021-03-05,0.00037281262450257127,0.0001496103935607842
2021-03-08,2.887604149911441e-05,0.000149245910171428
2021-03-09,0.000197554290072484,0.0001488887136172861
2021-03-10,3.6146594183884694e-05,0.00014853865821828365
2021-03-11,0.00010695335468605199,0.00014819560120681515
2021-03-12,1.0299881685000922e-06,0.00014785940266951773
2021-03-15,4.1873058522739156e-05,0.0001475299254902084
2021-03-16,2.467780153640905e-06,0.00014720703529396223
2021-03-17,8.26703179826944e-06,0.00014689060039230854
2021-03-18,0.00022113355667496135,0.00014658049172952263
2021-03-19,3.634711356190485e-07,0.00014627658282999133
2021-03-22,4.9007796886934295e-05,0.00014597874974663086
2021-03-23,5.8677409602149494e-05,0.0001456868710103358
2021-03-24,3.0056014599524363e-05,0.00014540082758043895
2021-03-25,2.7317174379280295e-05,0.00014512050279616123
2021-03-26,0.0002720658468890175,0.00014484578232903256
2021-03-29,7.541005432160985e-07,0.00014457655413626378
2021-03-30,1.0003489874547154e-05,0.00014431270841505072
2021-03-31,1.3075120382534273e-05,0.00014405413755779202
2021-04-01,0.00013819954904422885,0.00014380073610820206
2021-04-05,0.00020549187414368238,0.00014355240071830137
2021-04-06,9.486856246968282e-07,0.00014330903010626692
2021-04-07,2.1731055392468253e-06,0.00014307052501512499
2021-04-08,1.77388459855757e-05,0.00014283678817227004
2021-04-09,5.914053160989247e-05,0.00014260772424979262
2021-04-12,3.845445491655182e-08,0.00014238323982560067
2021-04-13,1.0817993812483887e-05,0.0001421632433453179
2021-04-14,1.6778070606304214e-05,0.00014194764508494408
2021-04-15,0.00012172932652738458,0.00014173635711426166
2021-04-16,1.2976733809872859e-05,0.00014152929326097412
2021-04-19,2.8309740945537953e-05,0.00014132636907556118
2021-04-20,4.6588283034038706e-05,0.00014112750179683667
2021-04-21,8.580355656163869e-05,0.00014093261031819496
2021-04-22,8.562426156156805e-05,0.00014074161515453224
2021-04-23,0.00011814407147706636,0.00014055443840982898
2021-04-26,3.170837518542809e-06,0.0001403710037453808
2021-04-27,4.619016858502717e-08,0.00014019123634866402
2021-04-28,7.155427283624544e-07,0.0001400150629028241
2021-04-29,4.542815991647378e-05,0.00013984241155677382
2021-04-30,5.2138702252174293e-05,0.00013967321189588925
2021-05-03,7.53130131598118e-06,0.00013950739491329177
2021-05-04,4.4899882907844164e-05,0.00013934489298170403
2021-05-05,4.945133714909569e-07,0.00013918563982586867
2021-05-06,6.613429513545117e-05,0.0001390295704955184
2021-05-07,5.396799761561101e-05,0.00013887662133888655
2021-05-10,0.00011005018118671901,0.0001387267299767471
2021-05-11,7.589459053283071e-05,0.00013857983527697378
2021-05-12,0.00047014305079751036,0.00013843587732960774
2021-05-13,0.00014640139891620085,0.0001382947974224237
2021-05-14,0.00021927030598931153,0.00013815653801698465
2021-05-17,6.41739702661002e-06,0.00013802104272517512
2021-05-18,7.316702199784045e-05,0.00013788825628620379
2021-05-19,8.689240741484703e-06,0.00013775812454406566
2021-05-20,0.00011023801635033593,0.00013763059442545498
2021-05-21,6.149509373687053e-07,0.00013750561391811963
2021-05-24,9.726885656699343e-05,0.00013738313204964835
2021-05-25,4.526449432586923e-06,0.00013726309886668195
2021-05-26,3.515840818101277e-06,0.00013714546541454024
2021-05-27,1.3563772218113662e-06,0.00013703018371725618
2021-05-28,5.907251355619387e-07,0.0001369172067580092
2021-06-01,2.425116892965091e-07,0.00013680648845994977
2021-06-02,2.0905951070284545e-06,0.00013669798366740724
2021-06-03,1.321542830932152e-05,0.0001365916481274735
2021-06-04,7.735736159929837e-05,0.00013648743847195465
2021-06-07,6.352986966241314e-07,0.00013638531219968366
2021-06-08,3.062834239561588e-08,0.00013628522765918652
2021-06-09,3.332569239400009e-06,0.000136187144031695
2021-06-10,2.1543102441950373e-05,0.00013609102131449907
2021-06-11,3.7890138169387096e-06,0.00013599682030463194
2021-06-14,3.288986762068173e-06,0.00013590450258288157
2021-06-15,4.055068054248851e-06,0.0001358140304981215
2021-06-16,2.9210822593122196e-05,0.00013572536715195527
2021-06-17,1.8993082997624875e-07,0.00013563847638366756
2021-06-18,0.00017453991909593546,0.00013555332275547635
2021-06-21,0.00019335357230435148,0.00013546987153807984
2021-06-22,2.612647517118591e-05,0.00013538808869649238
2021-06-23,1.174775301197721e-06,0.00013530794087616353
2021-06-24,3.3575413762594644e-05,0.00013522939538937462
2021-06-25,1.1056045049162084e-05,0.00013515242020190735
2021-06-28,5.346679774261741e-06,0.00013507698391997884
2021-06-29,7.689403809975776e-08,0.00013500305577743787
2021-06-30,1.7616680119150022e-06,0.00013493060562321714
2021-07-01,2.7123695560082046e-05,0.00013485960390903642
2021-07-02,5.583221705946813e-05,0.0001347900216773514
2021-07-06,4.096182422501829e-06,0.00013472183054954366
2021-07-07,1.124493310896308e-05,0.00013465500271434656
2021-07-08,7.39235578544905e-05,0.0001345895109165027
2021-07-09,0.00012577232002145076,0.00013452532844564793
2021-07-12,1.1869628326790241e-05,0.00013446242912541794
2021-07-13,1.2411607782617722e-05,0.00013440078730277217
2021-07-14,1.3554933502384302e-06,0.00013434037783753157
2021-07-15,1.067703698795601e-05,0.00013428117609212524
2021-07-16,5.7265769885341874e-05,0.00013422315792154226
2021-07-19,0.00025589701515887334,0.0001341662996634843
2021-07-20,0.00022646656217010152,0.0001341105781287151
2021-07-21,6.737194792749235e-05,0.00013405597059160286
2021-07-22,4.058771143419161e-06,0.00013400245478085188
2021-07-23,0.00010189554632418474,0.00013395000887041924
2021-07-26,5.661386952979692e-06,0.00013389861147061326
2021-07-27,2.231223996838818e-05,0.0001338482416193699
2021-07-28,3.469995210786665e-08,0.00013379887877370349
2021-07-29,1.7617594619339834e-05,0.00013375050280132838
2021-07-30,2.938413602278779e-05,0.0001337030939724482
2021-08-02,3.4022011668848208e-06,0.00013365663295170918
2021-08-03,6.67482682794158e-05,0.0001336111007903144
2021-08-04,2.155884806348845e-05,0.0001335664789182955
2021-08-05,3.584998848546515e-05,0.00013352274913693934
2021-08-06,2.8018225268217988e-06,0.00013347989361136547
2021-08-09,8.842586208008154e-07,0.00013343789486325254
2021-08-10,9.844349514168322e-07,0.00013339673576370973
2021-08-11,1.625448335739477e-06,0.00013335639952629093
2021-08-12,1.7121452855787037e-05,0.00013331686970014854
2021-08-13,2.5792884230705477e-06,0.00013327813016332401
2021-08-16,6.850899297583669e-06,0.0001332401651161727
2021-08-17,5.0207761048948195e-05,0.00013320295907492008
2021-08-18,0.00011678374571784351,0.00013316649686534676
2021-08-19,1.5772929888255491e-06,0.00013313076361659985
2021-08-20,6.574945705695242e-05,0.0001330957447551279
2021-08-23,7.204050781361553e-05,0.00013306142599873723
2021-08-24,2.2338853631785396e-06,0.00013302779335076708
2021-08-25,4.918004358193435e-06,0.00013299483309438113
2021-08-26,3.412837778822671e-05,0.00013296253178697316
2021-08-27,7.689661568156903e-05,0.0001329308762546846
2021-08-30,1.846699447952558e-05,0.00013289985358703172
2021-08-31,1.8225726736361313e-06,0.00013286945113164005
2021-09-01,9.711952759100218e-08,0.00013283965648908436
2021-09-02,8.05768262893696e-06,0.0001328104575078315
2021-09-03,1.1228347260601653e-07,0.00013278184227928462
2021-09-07,1.1569198504905634e-05,0.0001327537991329262
2021-09-08,1.7409135056546753e-06,0.00013272631663155838
2021-09-09,2.1309737749906408e-05,0.0001326993835666384
2021-09-10,6.010206695144479e-05,0.00013267298895370725
2021-09-13,5.170622785219987e-06,0.0001326471220279097
2021-09-14,3.321463522087823e-05,0.00013262177223960397
2021-09-15,7.120480937838408e-05,0.0001325969292500592
2021-09-16,2.4097741072458204e-06,0.00013257258292723867
2021-09-17,8.377064096547798e-05,0.00013254872334166775
2021-09-20,0.00029319979082371403,0.00013252534076238414
2021-09-21,6.604628557308516e-07,0.00013250242565296912
2021-09-22,8.976776517100954e-05,0.00013247996866765826
2021-09-23,0.0001454841333464987,0.00013245796064752973
2021-09-24,2.13143301245419e-06,0.00013243639261676906
2021-09-27,7.729756255740524e-06,0.00013241525577900823
2021-09-28,0.0004233025504621193,0.00013239454151373824
2021-09-29,2.458480800671195e-06,0.0001323742413727933
2021-09-30,0.00014354922400963374,0.00013235434707690525
2021-10-01,0.00013055238169620538,0.00013233485051232697
2021-10-04,0.00017084978745794305,0.00013231574372752326
2021-10-05,0.00010961079665352355,0.00013229701892992775
2021-10-06,1.6764106034208182e-05,0.00013227866848276488
2021-10-07,6.829434431341961e-05,0.00013226068490193528
2021-10-08,3.669357097080418e-06,0.00013224306085296336
2021-10-11,4.746440617076394e-05,0.00013222578914800603
2021-10-12,5.854975609546244e-06,0.00013220886274292127
2021-10-13,9.108057634667295e-06,0.00013219227473439512
2021-10-14,0.0002862580524502447,0.00013217601835712622
2021-10-15,5.5242363022256445e-05,0.0001321600869810667
2021-10-18,1.1350752616263337e-05,0.0001321444741087181
2021-10-19,5.426005951774845e-05,0.00013212917337248147
2021-10-20,1.3376089051160879e-05,0.0001321141785320603
2021-10-21,8.94843308771101e-06,0.00013209948347191558
2021-10-22,1.1516063328287229e-06,0.0001320850821987715
2021-10-25,2.2438784744291187e-05,0.00013207096883917116
2021-10-26,3.305638267642677e-06,0.00013205713763708124
2021-10-27,2.5647847255731556e-05,0.00013204358295154433
2021-10-28,9.567360323707642e-05,0.00013203029925437827
2021-10-29,3.7925117714797384e-06,0.00013201728112792165
2021-11-01,3.23445458009633e-06,0.00013200452326282415
2021-11-02,1.3495389274969432e-05,0.00013199202045588118
2021-11-03,4.1479970858668206e-05,0.00013197976760791184
2021-11-04,1.741578472258731e-05,0.0001319677597216792
2021-11-05,1.3881958559946102e-05,0.00013195599189985227
2021-11-08,7.874682189701067e-07,0.00013194445934300856
2021-11-09,1.2284400601999001e-05,0.00013193315734767676
2021-11-10,6.822499257189692e-05,0.00013192208130441844
2021-11-11,3.0336778775672316e-07,0.00013191122669594814
2021-11-12,5.179245582956053e-05,0.00013190058909529092
2021-11-15,1.1534497982008018e-10,0.00013189016416397705
2021-11-16,1.4882459253604883e-05,0.00013187994765027238
2021-11-17,6.786105666127248e-06,0.00013186993538744443
2021-11-18,1.1418078518273087e-05,0.000131860123292063
2021-11-19,1.959005020272286e-06,0.00013185050736233477
2021-11-22,1.0254458328544134e-05,0.00013184108367647116
2021-11-23,2.741545758080485e-06,0.0001318318483910889
2021-11-24,5.249706394765473e-06,0.00013182279773964255
2021-11-26,0.0005284026820387556,0.00013181392803088821
2021-11-29,0.0001719726968071827,0.00013180523564737827
2021-11-30,0.00036646904330335083,0.0001317967170439859
2021-12-01,0.00014126609574878908,0.00013178836874645926
2021-12-02,0.00019865883151562588,0.00013178018735000459
2021-12-03,7.198597905217543e-05,0.00013177216951789752
2021-12-06,0.0001360162226582916,0.00013176431198012222
2021-12-07,0.0004200697499683255,0.00013175661153203778
2021-12-08,9.489699500221557e-06,0.0001317490650330712
2021-12-09,5.194067938373445e-05,0.00013174166940543654
2021-12-10,9.032162745223683e-05,0.00013173442163287968
2021-12-13,8.42385905653957e-05,0.00013172731875944808
2021-12-14,5.6230844450455385e-05,0.00013172035788828532
2021-12-15,0.00026296732682800196,0.00013171353618044959
2021-12-16,7.712112321506285e-05,0.00013170685085375585
2021-12-17,0.00010693554852865249,0.00013170029918164116
2021-12-20,0.00013118033315117687,0.00013169387849205262
2021-12-21,0.0003105262628556661,0.00013168758616635763
2021-12-22,0.000102591131488035,0.0001316814196382759
2021-12-23,3.849473676891129e-05,0.0001316753763928328
2021-12-27,0.00018889895365793784,0.00013166945396533364
2021-12-28,1.0214445485081741e-06,0.0001316636499403585
2021-12-29,1.9625583595044537e-06,0.000131657961950777
2021-12-30,8.965436300005039e-06,0.0001316523876767831
2021-12-31,6.914976938158307e-06,0.00013164692484494875
2022-01-03,4.03710815882118e-05,0.00013164157122729682
2022-01-04,3.966735500853905e-07,0.00013163632464039245
2022-01-05,0.0003835042408199459,0.00013163118294445245
2022-01-06,9.297467057034175e-07,0.0001316261440424727
2022-01-07,1.6470944018796758e-05,0.00013162120587937285
2022-01-10,2.079567435237726e-06,0.00013161636644115821
2022-01-11,8.314314782800994e-05,0.0001316116237540983
2022-01-12,7.917425501804166e-06,0.00013160697588392192
2022-01-13,0.00020580855479427476,0.00013160242093502827
2022-01-14,6.718167286726511e-07,0.00013159795704971382
2022-01-18,0.0003444403931743883,0.0001315935824074147
2022-01-19,9.48050978377013e-05,0.00013158929522396413
2022-01-20,0.0001231820807379407,0.00013158509375086485
2022-01-21,0.0003646570374384981,0.00013158097627457595
2022-01-24,7.661296750851031e-06,0.00013157694111581394
2022-01-25,0.00014997898026752603,0.00013157298662886806
2022-01-26,2.2432758090384587e-06,0.00013156911120092892
2022-01-27,2.914526202236509e-05,0.00013156531325143075
2022-01-28,0.0005786895923148412,0.00013156159123140691
2022-01-31,0.0003500575972942764,0.00013155794362285797
2022-02-01,4.677958575827108e-05,0.0001315543689381327
2022-02-02,8.795439496913233e-05,0.00013155086571932137
2022-02-03,0.0006097675455923986,0.0001315474325376611
2022-02-04,2.6457427892717905e-05,0.00013154406799295316
2022-02-07,1.375357249825321e-05,0.0001315407707129919
2022-02-08,6.999185453660028e-05,0.00013153753935300517
2022-02-09,0.00020773001680182563,0.00013153437259510572
2022-02-10,0.0003342251065023935,0.0001315312691477539
2022-02-11,0.00036678694786998494,0.00013152822774523075
2022-02-14,1.4807032855400967e-05,0.0001315252471471219
2022-02-15,0.00024472590178977957,0.00013152232613781157
2022-02-16,7.758433796408322e-07,0.0001315194635259869
2022-02-17,0.00045798157731504255,0.00013151665814415203
2022-02-18,5.1724312574523124e-05,0.0001315139088481519
2022-02-22,0.0001039326305899712,0.00013151121451670568
2022-02-23,0.00034535523438079737,0.00013150857405094945
2022-02-24,0.0002204068411749592,0.00013150598637398804
2022-02-25,0.0004895634405611021,0.0001315034504304558
2022-02-28,5.980917604515329e-06,0.00013150096518608622
2022-03-01,0.0002431874255477122,0.00013149852962729002
2022-03-02,0.0003411795691730414,0.00013149614276074183
2022-03-03,2.7757310832546756e-05,0.00013149380361297515
2022-03-04,6.345213023861944e-05,0.00013149151122998518
2022-03-07,0.0008977566086114452,0.0001314892646768398
2022-03-08,5.270823852907022e-05,0.00013148706303729832
2022-03-09,0.0006438194816639233,0.00013148490541343768
2022-03-10,1.849903041645852e-05,0.00013148279092528635
2022-03-11,0.00017020539400385343,0.00013148071871046534
2022-03-14,5.548276067881822e-05,0.00013147868792383658
2022-03-15,0.0004487038020302298,0.0001314766977371582
2022-03-16,0.0004900433000671103,0.0001314747473387467
2022-03-17,0.00015060701724823252,0.000131472835933146
2022-03-18,0.00013443972124612828,0.00013147096274080284
2022-03-21,1.8901178333868335e-07,0.0001314691269977491
2022-03-22,0.0001263533264649642,0.00013146732795529
2022-03-23,0.00015248866911283986,0.0001314655648796989
2022-03-24,0.00020283491382975863,0.0001314638370519179
2022-03-25,2.553665654196156e-05,0.00013146214376726474
2022-03-28,5.068800672698918e-05,0.00013146048433514533
2022-03-29,0.00014840219848823744,0.0001314588580787721
2022-03-30,3.9861406049414825e-05,0.0001314572643348879
2022-03-31,0.00024889275319095043,0.00013145570245349567
2022-04-01,1.1590082082848847e-05,0.00013145417179759317
2022-04-04,6.493752903419669e-05,0.00013145267174291325
2022-04-05,0.00015954617955282822,0.0001314512016776693
2022-04-06,9.534416963118405e-05,0.00013144976100230564
2022-04-07,1.8014638939320574e-05,0.0001314483491292531
2022-04-08,7.046618052686271e-06,0.00013144696548268925
2022-04-11,0.0002897258310441725,0.00013144560949830374
2022-04-12,1.1718986521794556e-05,0.00013144428062306795
2022-04-13,0.00012348995141200995,0.00013144297831500955
2022-04-14,0.00014929126288217378,0.00013144170204299147
2022-04-18,4.197961394726775e-08,0.00013144045128649524
2022-04-19,0.0002537663257174612,0.0001314392255354087
2022-04-20,3.827481221388638e-07,0.000131438024289818
2022-04-21,0.00022090447513913822,0.0001314368470598037
2022-04-22,0.0007914137213020085,0.00013143569336524082
2022-04-25,3.228245515284388e-05,0.00013143456273560333
2022-04-26,0.0008151030098230114,0.00013143345470977192
2022-04-27,4.392583135445045e-06,0.00013143236883584615
2022-04-28,0.0005975900650427566,0.00013143130467096006
2022-04-29,0.0013659794919905531,0.00013143026178110155
2022-05-02,3.202653664715695e-05,0.00013142923974093543
2022-05-03,2.3285113193514466e-05,0.00013142823813362987
2022-05-04,0.0008658436636977129,0.00013142725655068644
2022-05-05,0.001317739191612685,0.00013142629459177355
2022-05-06,3.238047477855661e-05,0.00013142535186456308
2022-05-09,0.0010602525547280255,0.00013142442798457044
2022-05-10,6.0264444575900425e-06,0.00013142352257499774
2022-05-11,0.00027556770563103526,0.00013142263526658013
2022-05-12,1.6817031927549675e-06,0.0001314217656974352
2022-05-13,0.0005564535627409874,0.0001314209135129153
2022-05-16,1.5635765001628835e-05,0.00013142007836546308
2022-05-17,0.00039875774925092207,0.00013141925991446958
2022-05-18,0.001700227028667082,0.00013141845782613538
2022-05-19,3.423261864280923e-05,0.00013141767177333446
2022-05-20,2.135429604627948e-08,0.00013141690143548076
2022-05-23,0.00033800805630149514,0.00013141614649839748
2022-05-24,6.648691533763564e-05,0.0001314154066541889
2022-05-25,8.848009097642608e-05,0.00013141468160111482
2022-05-26,0.0003876238807475754,0.0001314139710434675
2022-05-27,0.0005973688452491226,0.00013141327469145102
2022-05-31,3.9616137836156824e-05,0.00013141259226106319
2022-06-01,5.641369453725436e-05,0.00013141192347397964
2022-06-02,0.0003335454025790127,0.0001314112680574403
2022-06-03,0.0002716696946865288,0.00013141062574413816
2022-06-06,9.812489885192908e-06,0.00013140999627211036
2022-06-07,8.983876862519455e-05,0.00013140937938463122
2022-06-08,0.00011777942685171008,0.0001314087748301075
2022-06-09,0.0005801574428553295,0.000131408182361976
2022-06-10,0.0008727542728893861,0.0001314076017386028
2022-06-13,0.001563406221776983,0.00013140703272318473
2022-06-14,1.4294585047730231e-05,0.00013140647508365295
2022-06-15,0.0002098748737332117,0.00013140592859257812
2022-06-16,0.0010924483950962196,0.00013140539302707775
2022-06-17,4.8331707112088325e-06,0.00013140486816872526
2022-06-21,0.0005847920952235278,0.00013140435380346087
2022-06-22,1.6962981047908982e-06,0.0001314038497215044
2022-06-23,9.000454434620356e-05,0.00013140335571726962
2022-06-24,0.0009063435224286495,0.00013140287158928038
2022-06-27,8.865505596978711e-06,0.00013140239714008853
2022-06-28,0.0004140684989449747,0.00013140193217619334
2022-06-29,5.069423199273109e-07,0.00013140147650796263
2022-06-30,7.740245048897523e-05,0.0001314010299495553
2022-07-01,0.00011021873944566034,0.00013140059231884571
2022-07-05,2.505493601807058e-06,0.0001314001634373493
2022-07-06,1.2722031601678534e-05,0.00013139974313014974
2022-07-07,0.00022063309233570888,0.00013139933122582778
2022-07-08,6.899235975155867e-07,0.00013139892755639114
2022-07-11,0.00013443052088670665,0.00013139853195720614
2022-07-12,8.624592648974107e-05,0.00013139814426693045
2022-07-13,1.9952874993435818e-05,0.00013139776432744736
2022-07-14,9.018842728731412e-06,0.00013139739198380124
2022-07-15,0.0003617311728847722,0.00013139702708413436
2022-07-18,7.05388753433856e-05,0.00013139666947962502
2022-07-19,0.0007427542239571471,0.00013139631902442676
2022-07-20,3.4556691015045815e-05,0.0001313959755756089
2022-07-21,9.629627785266613e-05,0.0001313956389930983
2022-07-22,8.791476341613502e-05,0.00013139530913962216
2022-07-25,1.7273923056406452e-06,0.0001313949858806521
2022-07-26,0.00013480005527226945,0.00013139466908434927
2022-07-27,0.0006666749189307844,0.0001313943586215105
2022-07-28,0.00014545131348320375,0.00013139405436551576
2022-07-29,0.0001990293375082322,0.0001313937561922764
2022-08-01,7.992361790818305e-06,0.0001313934639801846
2022-08-02,4.4685058722612734e-05,0.0001313931776100637
2022-08-03,0.00024079144909417742,0.0001313928969651197
2022-08-04,6.047277793946515e-07,0.00013139262193089354
2022-08-05,2.6473535923264262e-06,0.0001313923523952145
2022-08-08,1.533429294937823e-06,0.00013139208824815434
2022-08-09,1.812838597856532e-05,0.00013139182938198257
2022-08-10,0.00044382516559591915,0.00013139157569112248
2022-08-11,4.980448429210726e-07,0.00013139132707210802
2022-08-12,0.00029494788869207457,0.00013139108342354172
2022-08-15,1.569494056141205e-05,0.00013139084464605324
2022-08-16,3.511586757608423e-06,0.00013139061064225887
2022-08-17,5.276736481038502e-05,0.00013139038131672185
2022-08-18,5.139241875456699e-06,0.00013139015657591337
2022-08-19,0.00016858240482527516,0.00013138993632817448
2022-08-22,0.00046795927894071856,0.00013138972048367872
2022-08-23,5.019259683501511e-06,0.00013138950895439546
2022-08-24,8.479258860308639e-06,0.00013138930165405396
2022-08-25,0.00019581081708377654,0.00013138909849810825
2022-08-26,0.001174335322796762,0.00013138889940370263
2022-08-29,4.473837589530804e-05,0.0001313887042896379
2022-08-30,0.0001229751581356367,0.0001313885130763381
2022-08-31,6.15869949837049e-05,0.00013138832568581832
2022-09-01,8.950581628265653e-06,0.00013138814204165263
2022-09-02,0.00011652236520213247,0.00013138796206894307
2022-09-06,1.6838422469423174e-05,0.00013138778569428904
2022-09-07,0.00033032512403817694,0.0001313876128457574
2022-09-08,4.3414484551567484e-05,0.0001313874434528531
2022-09-09,0.00022970479011069406,0.00013138727744649049
2022-09-12,0.00011085250207144349,0.00013138711475896498
2022-09-13,0.0019535660127270225,0.00013138695532392564
2022-09-14,1.1433115834714542e-05,0.00013138679907634808
2022-09-15,0.000129556119709831,0.00013138664595250778
2022-09-16,5.195598156843795e-05,0.0001313864958899543
2022-09-19,4.6699424592648795e-05,0.0001313863488274857
2022-09-20,0.0001285074973213688,0.00013138620470512353
2022-09-21,0.00029806897172763604,0.0001313860634640886
2022-09-22,7.16273424606005e-05,0.0001313859250467767
2022-09-23,0.00030216273595434247,0.00013138578939673535
2022-09-26,0.00010804273831739288,0.00013138565645864062
2022-09-27,4.5054772655419456e-06,0.00013138552617827465
2022-09-28,0.0003795149786068463,0.00013138539850250351
2022-09-29,0.00045594184675729944,0.00013138527337925557
2022-09-30,0.00023047343476959148,0.0001313851507575002
2022-10-03,0.0006530364327843211,0.000131385030587227
2022-10-04,0.0009075361954787555,0.00013138491281942537
2022-10-05,4.080349738264775e-06,0.00013138479740606453
2022-10-06,0.00010604721628903823,0.00013138468430007398
2022-10-07,0.0008067415732057672,0.00013138457345532426
2022-10-10,5.656052438324661e-05,0.00013138446482660807
2022-10-11,4.27783811019464e-05,0.00013138435836962202
2022-10-12,1.0864932133756397e-05,0.00013138425404094837
2022-10-13,0.0006571152502508733,0.0001313841517980374
2022-10-14,0.0005734645919530233,0.00013138405159919008
2022-10-17,0.0006830656438989184,0.000131383953403541
2022-10-18,0.0001291125013279976,0.0001313838571710418
2022-10-19,4.481573095613758e-05,0.00013138376286244468
2022-10-20,6.372328756928167e-05,0.0001313836704392866
2022-10-21,0.000549797442473202,0.00013138357986387342
2022-10-24,0.00013952193140912936,0.00013138349109926458
2022-10-25,0.00026036307400520935,0.0001313834041092581
2022-10-26,5.4984307136731874e-05,0.0001313833188583757
2022-10-27,3.722445905320138e-05,0.00013138323531184846
2022-10-28,0.0005918533731241381,0.00013138315343560244
2022-10-31,5.5985217788902906e-05,0.00013138307319624504
2022-11-01,1.6889335894435022e-05,0.00013138299456105123
2022-11-02,0.0006410944868905511,0.00013138291749795018
2022-11-03,0.00011326115734869747,0.00013138284197551227
2022-11-04,0.00018297494819887513,0.00013138276796293617
2022-11-07,9.154780430002084e-05,0.00013138269543003643
2022-11-08,3.1161881580272326e-05,0.000131382624347231
2022-11-09,0.0004408649682548196,0.00013138255468552924
2022-11-10,0.00291087394656024,0.00013138248641652016
2022-11-11,8.46089492560653e-05,0.0001313824195123607
2022-11-14,8.056750866590305e-05,0.0001313823539457645
2022-11-15,7.526215593619839e-05,0.00013138228968999067
2022-11-16,6.866248781012426e-05,0.00013138222671883295
2022-11-17,9.57348354944122e-06,0.000131382165006609
2022-11-18,2.2536815971021876e-05,0.00013138210452814993
2022-11-21,1.5141825008145038e-05,0.00013138204525879003
2022-11-22,0.00018194249910245377,0.0001313819871743567
2022-11-23,3.477774676703985e-05,0.00013138193025116068
2022-11-25,8.013669950672172e-08,0.0001313818744659862
2022-11-28,0.00024225978629117148,0.00013138181979608165
2022-11-29,2.5380749912513684e-06,0.00013138176621915032
2022-11-30,0.0009289477108981743,0.00013138171371334127
2022-12-01,7.534410642936596e-07,0.00013138166225724036
2022-12-02,1.4289205867628261e-06,0.00013138161182986156
2022-12-05,0.00032602815073598437,0.00013138156241063845
2022-12-06,0.00021036222823902988,0.00013138151397941574
2022-12-07,3.4748958521101314e-06,0.0001313814665164411
2022-12-08,5.6154556729684534e-05,0.0001313814200023571
2022-12-09,5.4415990053702066e-05,0.0001313813744181933
2022-12-12,0.0002010243978833093,0.0001313813297453585
2022-12-13,5.275441205861446e-05,0.00013138128596563325
2022-12-14,3.685845706021738e-05,0.00013138124306116226
2022-12-15,0.0006369302908451592,0.00013138120101444724
2022-12-16,0.00012544537484823564,0.00013138115980833976
2022-12-19,8.187225662641663e-05,0.00013138111942603421
2022-12-20,1.074955687146786e-06,0.00013138107985106095
2022-12-21,0.00021781475881684428,0.0001313810410672796
2022-12-22,0.00021191039771131833,0.00013138100305887246
2022-12-23,3.4233642488228136e-05,0.00013138096581033807
2022-12-27,1.6466098209621504e-05,0.0001313809293064849
2022-12-28,0.00014625202735447153,0.0001313808935324251
2022-12-29,0.0002996580603874589,0.0001313808584735685
2022-12-30,6.471812088005032e-06,0.00013138082411561655
2023-01-03,1.606865333762405e-05,0.00013138079044455663
2023-01-04,5.6410532805743085e-05,0.00013138075744665624
2023-01-05,0.00013721473014604357,0.00013138072510845741
2023-01-06,0.0005100296299123782,0.00013138069341677125
2023-01-09,5.897123780030398e-07,0.00013138066235867253
2023-01-10,4.8358087775021755e-05,0.0001313806319214944
2023-01-11,0.00016301087415028737,0.0001313806020928233
2023-01-12,1.1628679107341475e-05,0.0001313805728604938
2023-01-13,1.591126054169875e-05,0.00013138054421258372
2023-01-17,4.131281580072611e-06,0.0001313805161374092
2023-01-18,0.0002460181890929408,0.00013138048862352001
2023-01-19,5.8793192393843815e-05,0.00013138046165969477
2023-01-20,0.0003512503275429289,0.00013138043523493648
2023-01-23,0.00013950718450210837,0.000131380409338468
2023-01-24,5.06597122109909e-07,0.00013138038395972762
2023-01-25,3.302999952577506e-08,0.00013138035908836484
2023-01-26,0.00011985231109073378,0.00013138033471423602
2023-01-27,6.2087384349164674e-06,0.00013138031082740034
2023-01-30,0.00017039567186915016,0.00013138028741811573
2023-01-31,0.00021130414608681785,0.00013138026447683492
2023-02-01,0.00010811957475318417,0.0001313802419942014
2023-02-02,0.00021293768909805603,0.00013138021996104586
2023-02-03,0.00010833880068895298,0.0001313801983683822
2023-02-06,3.7938124517545304e-05,0.000131380177207404
2023-02-07,0.0001635934122091404,0.0001313801564694809
2023-02-08,0.0001241569333369178,0.00013138013614615512
2023-02-09,7.86593353830378e-05,0.0001313801162291379
2023-02-10,4.8086161614461505e-06,0.00013138009671030622
2023-02-13,0.00012958566483284236,0.0001313800775816995
2023-02-14,7.865436506131617e-08,0.00013138005883551627
2023-02-15,7.66923037210728e-06,0.00013138004046411102
2023-02-16,0.0001927845943161558,0.0001313800224599911
2023-02-17,7.679783177438328e-06,0.00013138000481581366
2023-02-21,0.0004098512781325365,0.00013137998752438265
2023-02-22,2.4799808216027806e-06,0.00013137997057864587
2023-02-23,2.825218301564748e-05,0.00013137995397169213
2023-02-24,0.00011222149265040739,0.00013137993769674842
2023-02-27,9.414419108272166e-06,0.00013137992174717708
2023-02-28,9.24536895635249e-06,0.00013137990611647324
2023-03-01,2.243409315096899e-05,0.000131379890798262
2023-03-02,5.705677825596311e-05,0.0001313798757862959
2023-03-03,0.0002566003251790767,0.0001313798610744525
2023-03-06,4.718738949291336e-07,0.00013137984665673164
2023-03-07,0.00023856626525308583,0.00013137983252725313
2023-03-08,1.998813857866204e-06,0.00013137981868025438
2023-03-09,0.0003471461305006339,0.00013137980511008802
2023-03-10,0.0002126921645121259,0.0001313797918112195
2023-03-13,2.282824372347797e-06,0.000131379778778225
2023-03-14,0.00026707365323535274,0.00013137976600578912
2023-03-15,4.907512378268847e-05,0.00013137975348870268
2023-03-16,0.0003030933451708494,0.00013137974122186068
2023-03-17,0.00012278016781679536,0.0001313797292002602
2023-03-20,7.883432601203246e-05,0.0001313797174189983
2023-03-21,0.0001663751078080309,0.0001313797058732701
2023-03-22,0.0002755682549046056,0.00013137969455836673
2023-03-23,8.88089986736128e-06,0.00013137968346967348
2023-03-24,3.162896077360524e-05,0.00013137967260266794
2023-03-27,2.7079979242704143e-06,0.00013137966195291806
2023-03-28,2.4808873653587986e-06,0.0001313796515160804
2023-03-29,0.00019985111531037238,0.00013137964128789837
2023-03-30,3.2478591875703915e-05,0.00013137963126420052
2023-03-31,0.00020544428530730094,0.0001313796214408987
2023-04-03,1.363103062639726e-05,0.0001313796118139866
2023-04-04,3.38007325824315e-05,0.0001313796023795379
2023-04-05,6.227428701029484e-06,0.00013137959313370487
2023-04-06,1.2764707858480725e-05,0.00013137958407271664
2023-04-10,9.916316151265223e-07,0.00013137957519287777
2023-04-11,1.7100981488459508e-09,0.00013137956649056669
2023-04-12,1.716823030443214e-05,0.00013137955796223416
2023-04-13,0.00017359407687846933,0.00013137954960440202
2023-04-14,4.291185103215824e-06,0.00013137954141366156
2023-04-17,1.089464414028587e-05,0.00013137953338667228
2023-04-18,7.307767350088513e-07,0.0001313795255201604
2023-04-19,7.1006825695657885e-09,0.00013137951781091762
2023-04-20,3.56449022607861e-05,0.0001313795102557998
2023-04-21,8.150139985337687e-07,0.00013137950285172558
2023-04-24,7.245700036122954e-07,0.00013137949559567533
2023-04-25,0.00025399382806709503,0.0001313794884846897
2023-04-26,1.4811594982218314e-05,0.0001313794815158685
2023-04-27,0.0003754756241654992,0.00013137947468636957
2023-04-28,6.755740723686458e-05,0.00013137946799340755
2023-05-01,1.491358022288909e-07,0.00013137946143425275
2023-05-02,0.00013581354091947575,0.00013137945500623006
2023-05-03,4.932123754748057e-05,0.00013137944870671788
2023-05-04,5.2488770971349163e-05,0.000131379442533147
2023-05-05,0.0003351157276010661,0.00013137943648299956
2023-05-08,2.043279430348363e-07,0.00013137943055380804
2023-05-09,2.10675395560943e-05,0.00013137942474315427
2023-05-10,2.0016159183986335e-05,0.00013137941904866842
2023-05-11,2.8834243696548246e-06,0.00013137941346802803
2023-05-12,2.510835430725601e-06,0.0001313794079989571
2023-05-15,8.724920736245706e-06,0.00013137940263922507
2023-05-16,4.093578190941125e-05,0.000131379397386646
2023-05-17,0.00013972867949997236,0.00013137939223907772
2023-05-18,8.837359412089167e-05,0.00013137938719442078
2023-05-19,2.0935597780912654e-06,0.00013137938225061779
2023-05-22,2.403203125311479e-08,0.00013137937740565243
2023-05-23,0.0001273618053199203,0.00013137937265754874
2023-05-24,5.395655650714259e-05,0.00013137936800437024
2023-05-25,7.602891431381727e-05,0.00013137936344421913
2023-05-26,0.00016808295165925024,0.0001313793589752356
2023-05-30,2.7566394790457767e-10,0.00013137935459559702
2023-05-31,3.754451834216494e-05,0.00013137935030351714
2023-06-01,9.616185431002689e-05,0.00013137934609724553
2023-06-02,0.00020821948561369728,0.00013137934197506664
2023-06-05,4.022397227398627e-06,0.0001313793379352993
2023-06-06,5.527813376526264e-06,0.00013137933397629594
2023-06-07,1.4587006096393412e-05,0.00013137933009644187
2023-06-08,3.806361382035702e-05,0.00013137932629415472
2023-06-09,1.3165291076973887e-06,0.00013137932256788377
2023-06-12,8.60808197620561e-05,0.00013137931891610928
2023-06-13,4.77283494748854e-05,0.0001313793153373419
2023-06-14,6.70908395543768e-07,0.00013137931183012204
2023-06-15,0.00014652086892579945,0.00013137930839301934
2023-06-16,1.3530453438504981e-05,0.00013137930502463195
2023-06-20,2.2527874729259942e-05,0.00013137930172358616
2023-06-21,2.7657989414778507e-05,0.0001313792984885356
2023-06-22,1.3719100314220088e-05,0.00013137929531816095
2023-06-23,5.910977323975373e-05,0.00013137929221116915
2023-06-26,2.0222418666318946e-05,0.00013137928916629303
2023-06-27,0.00012974881021889543,0.00013137928618229077
2023-06-28,1.2541470640911684e-07,0.00013137928325794536
2023-06-29,1.9923440312691817e-05,0.00013137928039206413
2023-06-30,0.00014870217830955426,0.00013137927758347827
2023-07-03,1.368883836904033e-06,0.0001313792748310423
2023-07-05,3.88191697120848e-06,0.00013137927213363365
2023-07-06,6.326708918987637e-05,0.00013137926949015222
2023-07-07,8.232382067200745e-06,0.00013137926689951986
2023-07-10,5.770269904661709e-06,0.00013137926436068004
2023-07-11,4.515280910960296e-05,0.00013137926187259727
2023-07-12,5.452205652521511e-05,0.0001313792594342568
2023-07-13,7.114050330230909e-05,0.00013137925704466422
2023-07-14,1.0504860082576014e-06,0.0001313792547028449
2023-07-17,1.480686984566522e-05,0.00013137925240784378
2023-07-18,5.0297413501700704e-05,0.00013137925015872483
2023-07-19,5.5466600544488215e-06,0.0001313792479545708
2023-07-20,4.596605952304634e-05,0.0001313792457944827
2023-07-21,1.0500322723451074e-07,0.0001313792436775796
2023-07-24,1.6208985978318317e-05,0.0001313792416029981
2023-07-25,7.900144534002907e-06,0.0001313792395698921
2023-07-26,2.4165006771300886e-08,0.0001313792375774324
2023-07-27,4.1543091635982695e-05,0.00013137923562480644
2023-07-28,9.661662882274207e-05,0.00013137923371121782
2023-07-31,2.1539537746724665e-06,0.0001313792318358861
2023-08-01,7.1216677782169545e-06,0.00013137922999804642
2023-08-02,0.00019421768823196185,0.00013137922819694928
2023-08-03,6.508751298215207e-06,0.00013137922643186007
2023-08-04,2.824039613490028e-05,0.00013137922470205892
2023-08-07,8.070540970573067e-05,0.00013137922300684036
2023-08-08,1.7869262957963687e-05,0.000131379221345513
2023-08-09,4.989471481877666e-05,0.00013137921971739927
2023-08-10,6.284172637545745e-08,0.00013137921812183517
2023-08-11,1.1454669545227028e-06,0.00013137921655816996
2023-08-14,3.287881195720148e-05,0.0001313792150257659
2023-08-15,0.00013498116302712915,0.000131379213523998
2023-08-16,5.751829663721886e-05,0.00013137921205225378
2023-08-17,5.995112802799378e-05,0.00013137921060993302
2023-08-18,2.2117009008708053e-08,0.00013137920919644748
2023-08-21,4.699972933090202e-05,0.00013137920781122067
2023-08-22,7.735802390478907e-06,0.0001313792064536876
2023-08-23,0.00012065552116403419,0.00013137920512329464
2023-08-24,0.00018358499338395375,0.00013137920381949922
2023-08-25,4.4829734448413566e-05,0.00013137920254176956
2023-08-28,3.900100664769085e-05,0.00013137920128958457
2023-08-29,0.00020747719546164513,0.00013137920006243354
2023-08-30,1.4637160215751531e-05,0.000131379198859816
2023-08-31,2.554284711348254e-06,0.00013137919768124146
2023-09-01,3.231052142202113e-06,0.00013137919652622925
2023-09-05,1.7665190686535156e-05,0.0001313791953943083
2023-09-06,4.89442187643302e-05,0.000131379194285017
2023-09-07,1.0345441987983681e-05,0.00013137919319790287
2023-09-08,2.0323526447440786e-06,0.0001313791921325226
2023-09-11,4.490275098036464e-05,0.00013137919108844166
2023-09-12,3.262887494736644e-05,0.00013137919006523424
2023-09-13,1.5397387947324618e-06,0.000131379189062483
2023-09-14,7.046906628203867e-05,0.00013137918807977898
2023-09-15,0.00014967432449541147,0.0001313791871167214
2023-09-18,5.198809357680654e-07,0.0001313791861729175
2023-09-19,4.636818725927216e-06,0.00013137918524798236
2023-09-20,8.909857604806249e-05,0.00013137918434153871
2023-09-21,0.00027346966747234674,0.0001313791834532169
2023-09-22,5.281895159448475e-06,0.0001313791825826546
2023-09-25,1.6120178456600735e-05,0.0001313791817294968
2023-09-26,0.000220349248864866,0.00013137918089339552
2023-09-27,5.257288252390854e-08,0.00013137918007400978
2023-09-28,3.4525932199638044e-05,0.0001313791792710054
2023-09-29,7.3617779190350574e-06,0.00013137917848405484
2023-10-02,6.298708964017272e-09,0.00013137917771283717
2023-10-03,0.00019152887786525477,0.00013137917695703788
2023-10-04,6.523869805913529e-05,0.00013137917621634869
2023-10-05,1.7027148077833073e-06,0.00013137917549046753
2023-10-06,0.0001379601081994313,0.00013137917477909836
2023-10-09,3.9489512129101206e-05,0.00013137917408195105
2023-10-10,2.6982581953319054e-05,0.00013137917339874124
2023-10-11,1.8351109509394805e-05,0.00013137917272919032
2023-10-12,3.9263068556909464e-05,0.00013137917207302523
2023-10-13,2.531594857881161e-05,0.00013137917142997833
2023-10-16,0.00011106298158193914,0.0001313791707997874
2023-10-17,9.65303881071437e-09,0.00013137917018219537
2023-10-18,0.00018199111478274722,0.00013137916957695037
2023-10-19,7.25739118064969e-05,0.0001313791689838056
2023-10-20,0.00016040600416088882,0.00013137916840251908
2023-10-23,2.8459422288403698e-06,0.00013137916783285378
2023-10-24,5.241070079125885e-05,0.00013137916727457737
2023-10-25,0.0002086128046979053,0.00013137916672746215
2023-10-26,0.0001416833421867478,0.00013137916619128498
2023-10-27,2.315379050670296e-05,0.00013137916566582718
2023-10-30,0.00014252716861858726,0.00013137916515087447
2023-10-31,4.1655210885546574e-05,0.0001313791646462168
2023-11-01,0.0001092274767230116,0.00013137916415164835
2023-11-02,0.00034905220721480427,0.00013137916366696742
2023-11-03,8.742032229667416e-05,0.00013137916319197636
2023-11-06,3.0676041593116052e-06,0.00013137916272648142
2023-11-07,8.043425783234082e-06,0.00013137916227029276
2023-11-08,1.008841522046783e-06,0.00013137916182322435
2023-11-09,6.588066790434842e-05,0.0001313791613850938
2023-11-10,0.00024011855537772438,0.00013137916095572248
2023-11-13,6.992111094809315e-07,0.00013137916053493524
2023-11-14,0.0003570350253715257,0.0001313791601225605
2023-11-15,2.5463804279833186e-06,0.00013137915971843004
2023-11-16,1.415432242916883e-06,0.00013137915932237904
2023-11-17,1.64154502700536e-06,0.000131379158934246
2023-11-20,5.421529747820764e-05,0.00013137915855387258
2023-11-21,4.092431620472018e-06,0.00013137915818110368
2023-11-22,1.6426039703510897e-05,0.00013137915781578726
2023-11-24,3.5604565056965667e-07,0.00013137915745777432
2023-11-27,3.8262071725112116e-06,0.00013137915710691885
2023-11-28,9.596916456405424e-07,0.0001313791567630778
2023-11-29,8.962344810454673e-07,0.00013137915642611088
2023-11-30,1.4265209780493749e-05,0.00013137915609588068
2023-12-01,3.429928277988121e-05,0.0001313791557722525
2023-12-04,2.941096877563502e-05,0.00013137915545509437
2023-12-05,3.2379695489598207e-07,0.00013137915514427695
2023-12-06,1.531823704693995e-05,0.00013137915483967346
2023-12-07,6.298978916242949e-05,0.00013137915454115967
2023-12-08,1.670466553151729e-05,0.00013137915424861384
2023-12-11,1.5341428368084637e-05,0.00013137915396191667
2023-12-12,2.1057202873910303e-05,0.0001313791536809512
2023-12-13,0.00018382872388498296,0.00013137915340560285
2023-12-14,6.988436888160587e-06,0.00013137915313575935
2023-12-15,5.814428574172857e-09,0.0001313791528713106
2023-12-18,2.0413428787035395e-05,0.00013137915261214877
2023-12-19,3.421392971120948e-05,0.00013137915235816817
2023-12-20,0.00021883722672342605,0.00013137915210926522
2023-12-21,0.00010503727231367805,0.00013137915186533838
2023-12-22,2.7512264838881154e-06,0.0001313791516262882
2023-12-26,1.7831710859879457e-05,0.00013137915139201713
2023-12-27,2.0432861814985976e-06,0.00013137915116242968
2023-12-28,1.3697853290146908e-07,0.0001313791509374322
2023-12-29,8.011600255477556e-06,0.0001313791507169329
2024-01-02,3.222447783511361e-05,0.0001313791505008419
2024-01-03,6.478025697690186e-05,0.00013137915028907103
2024-01-04,1.179422185746506e-05,0.00013137915008153391
2024-01-05,3.327054941123426e-06,0.00013137914987814596
2024-01-08,0.00019644672647482845,0.00013137914967882418
2024-01-09,2.187422815193208e-06,0.00013137914948348726
2024-01-10,3.192228135097821e-05,0.00013137914929205557
2024-01-11,4.5061796207128175e-07,0.00013137914910445103
2024-01-12,5.635411108442114e-07,0.00013137914892059712
2024-01-16,1.3975029337214101e-05,0.00013137914874041884
2024-01-17,3.172766157251593e-05,0.00013137914856384275
2024-01-18,7.685539229194118e-05,0.00013137914839079682
2024-01-19,0.00014977618839486466,0.00013137914822121047
2024-01-22,4.804518491035161e-06,0.0001313791480550145
2024-01-23,8.509561911323504e-06,0.00013137914789214118
2024-01-24,6.58692898196264e-07,0.00013137914773252407
2024-01-25,2.752658212642902e-05,0.00013137914757609803
2024-01-26,4.251010730810178e-07,0.00013137914742279933
2024-01-29,5.667628718058093e-05,0.0001313791472725654
2024-01-30,3.6099716593348156e-07,0.00013137914712533496
2024-01-31,0.0002636353544505664,0.00013137914698104798
2024-02-01,0.0001541641608659455,0.00013137914683964563
2024-02-02,0.00011294951053285771,0.00013137914670107023
2024-02-05,1.0185191675028281e-05,0.00013137914656526526
2024-02-06,5.32569128549994e-06,0.00013137914643217535
2024-02-07,6.73660535639922e-05,0.00013137914630174618
2024-02-08,3.2537959255724616e-07,0.0001313791461739246
2024-02-09,3.278612696583388e-05,0.00013137914604865845
2024-02-12,9.013682260856176e-07,0.00013137914592589665
2024-02-13,0.0001895746053562567,0.00013137914580558914
2024-02-14,9.090036525313239e-05,0.00013137914568768684
2024-02-15,3.3690742139142726e-05,0.00013137914557214168
2024-02-16,2.3184644638403703e-05,0.00013137914545890652
2024-02-20,3.628166638910768e-05,0.00013137914534793518
2024-02-21,1.5961833378300075e-06,0.0001313791452391824
2024-02-22,0.0004369307546000565,0.00013137914513260384
2024-02-23,1.2102538320853056e-07,0.000131379145028156
2024-02-26,1.4393974992235665e-05,0.00013137914492579632
2024-02-27,2.906668797950646e-06,0.00013137914482548303
2024-02-28,2.7540442057525498e-06,0.00013137914472717522
2024-02-29,2.720113207532229e-05,0.00013137914463083283
2024-03-01,6.361556198944571e-05,0.00013137914453641652
2024-03-04,1.4255752856581033e-06,0.0001313791444438878
2024-03-05,0.00010496834975861981,0.00013137914435320893
2024-03-06,2.6295695344893574e-05,0.00013137914426434295
2024-03-07,0.00010509124880856753,0.0001313791441772536
2024-03-08,4.2901491201789646e-05,0.00013137914409190536
2024-03-11,1.2608331473444262e-06,0.00013137914400826342
2024-03-12,0.00012408874066853506,0.00013137914392629367
2024-03-13,3.710955323631467e-06,0.00013137914384596267
2024-03-14,8.266896094961095e-06,0.00013137914376723766
2024-03-15,4.230231335999012e-05,0.00013137914369008654
2024-03-18,3.9667124701843644e-05,0.00013137914361447783
2024-03-19,3.173353986160103e-05,0.00013137914354038072
2024-03-20,7.858406766004864e-05,0.00013137914346776497
2024-03-21,1.0441358464385103e-05,0.00013137914339660098
2024-03-22,1.968891196647791e-06,0.0001313791433268597
2024-03-25,9.361399267360494e-06,0.0001313791432585127
2024-03-26,7.860856956868071e-06,0.00013137914319153214
2024-03-27,7.38498850391048e-05,0.00013137914312589066
2024-03-28,1.2451495669509838e-06,0.0001313791430615615
2024-04-01,4.062701921283012e-06,0.00013137914299851843
2024-04-02,5.2785865750062443e-05,0.00013137914293673573
2024-04-03,1.1892502791574896e-06,0.0001313791428761882
2024-04-04,0.0001540338051425963,0.00013137914281685114
2024-04-05,0.00012183855079821704,0.00013137914275870036
2024-04-08,1.4040098181857375e-07,0.00013137914270171214
2024-04-09,2.086434281883044e-06,0.00013137914264586326
2024-04-10,9.028765873969816e-05,0.00013137914259113092
2024-04-11,5.5015181950178314e-05,0.0001313791425374928
2024-04-12,0.00021484488018062509,0.00013137914248492703
2024-04-15,0.00014626957174539574,0.00013137914243341217
2024-04-16,4.237934945241053e-06,0.0001313791423829272
2024-04-17,3.3609557771874535e-05,0.00013137914233345152
2024-04-18,4.886759878188519e-06,0.000131379142284965
2024-04-19,7.738949015028858e-05,0.0001313791422374478
2024-04-22,7.557435433611537e-05,0.0001313791421908806
2024-04-23,0.0001414569257008366,0.00013137914214524435
2024-04-24,4.536362315873231e-08,0.0001313791421005205
2024-04-25,2.103996599839588e-05,0.00013137914205669078
2024-04-26,0.00010317239553027136,0.00013137914201373732
2024-04-29,1.0070518820880141e-05,0.0001313791419716426
2024-04-30,0.00025139850128494287,0.00013137914193038944
2024-05-01,1.1842913813069359e-05,0.000131379141889961
2024-05-02,8.25740183543035e-05,0.00013137914185034084
2024-05-03,0.0001557144012616659,0.00013137914181151277
2024-05-06,0.0001055380976905468,0.00013137914177346096
2024-05-07,1.802382045193638e-06,0.00013137914173616988
2024-05-08,3.405463811073941e-11,0.00013137914169962436
2024-05-09,2.5786415483833065e-05,0.00013137914166380942
2024-05-10,2.7160361058359554e-06,0.0001313791416287105
2024-05-13,5.824170080785483e-08,0.0001313791415943133
2024-05-14,2.329170960904681e-05,0.00013137914156060378
2024-05-15,0.0001356718921625892,0.0001313791415275682
2024-05-16,4.34237861841365e-06,0.00013137914149519305
2024-05-17,1.355118770572826e-06,0.00013137914146346517
2024-05-20,8.390016060374026e-07,0.0001313791414323716
2024-05-21,6.243750397545866e-06,0.00013137914140189967
2024-05-22,7.342968398282174e-06,0.00013137914137203692
2024-05-23,5.4880868418256085e-05,0.00013137914134277122
2024-05-24,4.8673632339045844e-05,0.00013137914131409057
2024-05-28,6.188696411284077e-08,0.00013137914128598334
2024-05-29,5.467592708702644e-05,0.00013137914125843802
2024-05-30,3.591554002535288e-05,0.0001313791412314434
2024-05-31,6.393320514790132e-05,0.00013137914120498845
2024-06-03,1.2442515102892856e-06,0.0001313791411790624
2024-06-04,2.255045837121977e-06,0.00013137914115365467
2024-06-05,0.00013872165736184493,0.00013137914112875489
2024-06-06,3.9934667353765815e-08,0.0001313791411043529
2024-06-07,1.24510348117099e-06,0.0001313791410804388
2024-06-10,6.643660788730906e-06,0.00013137914105700277
2024-06-11,7.326305307411906e-06,0.00013137914103403527
2024-06-12,7.170228609486855e-05,0.00013137914101152696
2024-06-13,5.4845491792981e-06,0.00013137914098946865
2024-06-14,1.5518736923526064e-07,0.00013137914096785131
2024-06-17,5.829573499235257e-05,0.00013137914094666617
2024-06-18,6.341100481892138e-06,0.00013137914092590456
2024-06-20,6.396485382221161e-06,0.00013137914090555802
2024-06-21,2.4440685967538627e-06,0.00013137914088561824
2024-06-24,9.42415803162326e-06,0.00013137914086607712
2024-06-25,1.541248414488886e-05,0.00013137914084692667
2024-06-26,2.468657576575803e-06,0.00013137914082815907
2024-06-27,8.224854883593153e-07,0.0001313791408097667
2024-06-28,1.674457417621404e-05,0.00013137914079174202
2024-07-01,7.139535804840708e-06,0.0001313791407740777
2024-07-02,3.8145517728019515e-05,0.0001313791407567665
2024-07-03,2.5720743853757444e-05,0.00013137914073980142
2024-07-05,2.952807735567432e-05,0.0001313791407231755
2024-07-08,1.0326268253514457e-06,0.00013137914070688198
2024-07-09,5.487809035081682e-07,0.0001313791406909142
2024-07-10,0.00010315073190323499,0.00013137914067526564
2024-07-11,7.746904218149293e-05,0.00013137914065992993
2024-07-12,3.027050774920539e-05,0.00013137914064490083
2024-07-15,7.964905540241618e-06,0.00013137914063017218
2024-07-16,4.056479753886896e-05,0.00013137914061573798
2024-07-17,0.0001967130099332006,0.00013137914060159237
2024-07-18,6.157716902170062e-05,0.00013137914058772957
2024-07-19,5.134982508743827e-05,0.0001313791405741439
2024-07-22,0.00011522341988905318,0.00013137914056082984
2024-07-23,2.431471670653665e-06,0.00013137914054778195
2024-07-24,0.0005485545872634192,0.00013137914053499493
2024-07-25,2.6583191583641004e-05,0.00013137914052246356
2024-07-26,0.00012164811457105964,0.00013137914051018272
2024-07-29,6.609357842103727e-07,0.0001313791404981474
2024-07-30,2.4725899074007244e-05,0.00013137914048635268
2024-07-31,0.00024554829519847526,0.0001313791404747938
2024-08-01,0.00019011235770324526,0.00013137914046346596
2024-08-02,0.00034421034362569963,0.0001313791404523646
2024-08-05,0.000925804847894403,0.0001313791404414852
2024-08-06,0.00010610750028978938,0.0001313791404308233
2024-08-07,6.029080506859371e-05,0.00013137914042037454
2024-08-08,0.0005189803210600204,0.00013137914041013468
2024-08-09,2.1723042045934895e-05,0.00013137914040009952
2024-08-12,1.8518435403445517e-09,0.000131379140390265
2024-08-13,0.00027913164851862076,0.0001313791403806271
2024-08-14,1.4565188025651945e-05,0.00013137914037118184
2024-08-15,0.0002561436979612153,0.00013137914036192547
2024-08-16,3.95135825580135e-06,0.00013137914035285414
2024-08-19,9.36119609972544e-05,0.00013137914034396417
2024-08-20,3.946290465765261e-06,0.00013137914033525193
2024-08-21,1.7898947050543612e-05,0.00013137914032671386
2024-08-22,8.051369274130474e-05,0.00013137914031834648
2024-08-23,0.00013036929450832747,0.00013137914031014639
2024-08-26,9.977449935571193e-06,0.00013137914030211022
2024-08-27,2.540597264969677e-06,0.00013137914029423474
2024-08-28,3.59268467371274e-05,0.0001313791402865167
2024-08-29,1.550772069090043e-09,0.00013137914027895294
2024-08-30,0.00010085094418645282,0.0001313791402715404
2024-09-03,0.00045701731795157744,0.00013137914026427607
2024-09-04,2.572267549069767e-06,0.00013137914025715695
2024-09-05,9.135995990268893e-06,0.00013137914025018017
2024-09-06,0.00030314098864061206,0.00013137914024334286
2024-09-09,0.00013256147520477276,0.00013137914023664228
2024-09-10,1.991569109179847e-05,0.00013137914023007564
2024-09-11,0.00011254145297582303,0.00013137914022364028
2024-09-12,5.5761348233705486e-05,0.00013137914021733358
2024-09-13,2.9085983159994813e-05,0.00013137914021115295
2024-09-16,1.57713628400665e-06,0.0001313791402050959
2024-09-17,6.99682348990482e-08,0.00013137914019915992
2024-09-18,8.413820942113731e-06,0.00013137914019334263
2024-09-19,0.000283395571991642,0.00013137914018764165
2024-09-20,3.774913373700918e-06,0.00013137914018205465
2024-09-23,7.869901240091174e-06,0.00013137914017657932
2024-09-24,6.290220015347668e-06,0.00013137914017121347
2024-09-25,3.4707064266284204e-06,0.0001313791401659549
2024-09-26,1.624527008902124e-05,0.00013137914016080144
2024-09-27,1.5725232733892968e-06,0.000131379140155751
2024-09-30,1.7872632692868028e-05,0.00013137914015080154
2024-10-01,8.775658916219188e-05,0.00013137914014595104
2024-10-02,1.9149391658538345e-08,0.00013137914014119752
2024-10-03,2.831912280267243e-06,0.00013137914013653903
2024-10-04,7.974946685285086e-05,0.00013137914013197367
2024-10-07,9.278050647895127e-05,0.0001313791401274996
2024-10-08,9.298179452129939e-05,0.00013137914012311495
2024-10-09,5.024301895028409e-05,0.00013137914011881796
2024-10-10,4.294296760886879e-06,0.00013137914011460686
2024-10-11,3.640443403279093e-05,0.00013137914011047998
2024-10-14,5.895344342059777e-05,0.0001313791401064356
2024-10-15,5.8347691109453495e-05,0.0001313791401024721
2024-10-16,2.1792397314219716e-05,0.0001313791400985878
2024-10-17,2.9300924630057766e-08,0.00013137914009478117
2024-10-18,1.571081418032017e-05,0.00013137914009105065
2024-10-21,3.3285548826947506e-06,0.0001313791400873947
2024-10-22,2.2559333494707984e-07,0.00013137914008381184
2024-10-23,8.526351060638804e-05,0.0001313791400803006
2024-10-24,4.594477061419089e-06,0.00013137914007685955
2024-10-25,8.969546596236545e-08,0.00013137914007348733
2024-10-28,7.01155778745134e-06,0.0001313791400701825
2024-10-29,2.6012075285465124e-06,0.00013137914006694376
2024-10-30,1.0927597433557294e-05,0.00013137914006376976
2024-10-31,0.00035306917064045594,0.00013137914006065921
2024-11-01,1.668034660592938e-05,0.00013137914005761084
2024-11-04,7.930108389895943e-06,0.00013137914005462343
2024-11-05,0.00014862123756376988,0.00013137914005169574
2024-11-06,0.0006240643982618966,0.00013137914004882658
2024-11-07,5.4815575868958106e-05,0.0001313791400460148
2024-11-08,1.4060955310306634e-05,0.0001313791400432592
2024-11-11,9.381747067554978e-07,0.0001313791400405587
2024-11-12,8.391748479429179e-06,0.0001313791400379122
2024-11-13,5.3917194867285295e-08,0.00013137914003531862
2024-11-14,3.682194176590329e-05,0.00013137914003277687
2024-11-15,0.00017666213448675814,0.00013137914003028594
2024-11-18,1.5289349240853975e-05,0.00013137914002784483
2024-11-19,1.5647962181199378e-05,0.0001313791400254525
2024-11-20,4.818297770120757e-10,0.00013137914002310803
2024-11-21,2.8368958708786556e-05,0.00013137914002081042
2024-11-22,1.198516421343133e-05,0.00013137914001855872
2024-11-25,9.095820616201168e-06,0.00013137914001635205
2024-11-26,3.255498002758617e-05,0.0001313791400141895
2024-11-27,1.4504528163969263e-05,0.00013137914001207018
2024-11-29,3.1271810532324735e-05,0.00013137914000999323
2024-12-02,5.9802935912281105e-06,0.0001313791400079578
2024-12-03,2.0371433288102952e-07,0.00013137914000596306
2024-12-04,3.63992805580792e-05,0.0001313791400040082
2024-12-05,3.5026089674757506e-06,0.00013137914000209243
2024-12-06,6.2117854310896844e-06,0.00013137914000021494
2024-12-09,3.7984630985698046e-05,0.000131379139998375
2024-12-10,8.81071177039625e-06,0.00013137913999657183
2024-12-11,6.613961234688418e-05,0.00013137913999480475
2024-12-12,2.947112528068093e-05,0.00013137913999307298
2024-12-13,7.005015264108898e-10,0.00013137913999137582
2024-12-16,1.4380439610648837e-05,0.0001313791399897126
2024-12-17,1.4988353369136545e-05,0.00013137913998808264
2024-12-18,0.0008961943498474452,0.00013137913998648526
2024-12-19,7.490673153547376e-07,0.0001313791399849198
2024-12-20,0.00011686646490965627,0.00013137913998338566
2024-12-23,5.271993670494544e-05,0.00013137913998188217
2024-12-24,0.00012060944529321155,0.00013137913998040874
2024-12-26,1.6462583070063937e-07,0.00013137913997896477
2024-12-27,0.00012359446968286168,0.00013137913997754967
2024-12-30,0.00011577058333233774,0.00013137913997616287
2024-12-31,1.8438491469781767e-05,0.00013137913997480376
2025-01-02,4.956692873224435e-06,0.00013137913997347185
2025-01-03,0.0001566842189509588,0.00013137913997216658
2025-01-06,3.0500949778377253e-05,0.00013137913997088738
2025-01-07,0.0001246800365100007,0.00013137913996963377
2025-01-08,2.4309303053288453e-06,0.0001313791399684052
2025-01-10,0.00024123176809814686,0.00013137913996720123
2025-01-13,2.4781194238878996e-06,0.00013137913996602132
2025-01-14,1.312452823781654e-06,0.000131379139964865
2025-01-15,0.0003293184181364747,0.00013137913996373178
2025-01-16,4.472904967590705e-06,0.00013137913996262124
2025-01-17,9.883299095626907e-05,0.00013137913996153289
2025-01-21,7.621306483289616e-05,0.0001313791399604663
2025-01-22,3.7444377175426656e-05,0.00013137913995942105
2025-01-23,2.808384660803858e-05,0.00013137913995839667
2025-01-24,8.175116045835937e-06,0.00013137913995739278
2025-01-27,0.00021573907813081654,0.00013137913995640895
2025-01-28,8.419244607606824e-05,0.0001313791399554448
2025-01-29,2.1994937429267752e-05,0.0001313791399544999
2025-01-30,2.768388895771127e-05,0.00013137913995357392
2025-01-31,2.559959253832772e-05,0.00013137913995266644
2025-02-03,5.8334319679416965e-05,0.0001313791399517771
2025-02-04,5.1824267797387365e-05,0.00013137913995090554
2025-02-05,1.5218221652524308e-05,0.0001313791399500514
2025-02-06,1.3232674714961844e-05,0.00013137913994921434
2025-02-07,9.043716511722744e-05,0.00013137913994839404
2025-02-10,4.475760252580047e-05,0.00013137913994759013
2025-02-11,1.1527732318675204e-07,0.0001313791399468023
2025-02-12,7.439710056448042e-06,0.0001313791399460302
2025-02-13,0.00010758488141420949,0.00013137913994527354
2025-02-14,5.176283836161786e-09,0.000131379139944532
2025-02-18,5.963381853728398e-06,0.00013137913994380529
2025-02-19,5.6365828418428396e-06,0.0001313791399430931
2025-02-20,1.8866903390830196e-05,0.00013137913994239515
2025-02-21,0.0002962321754194911,0.00013137913994171115
2025-02-24,2.4815278150613564e-05,0.00013137913994104084
2025-02-25,2.200280850957325e-05,0.00013137913994038392
2025-02-26,1.8500088272591053e-08,0.00013137913993974012
2025-02-27,0.00025573583389614684,0.00013137913993910923
2025-02-28,0.00024742599208228515,0.00013137913993849093
2025-03-03,0.00031518330559298025,0.000131379139937885
2025-03-04,0.00015154319634274224,0.00013137913993729118
2025-03-05,0.00012315389652604327,0.00013137913993670924
2025-03-06,0.00032326878888836184,0.00013137913993613892
2025-03-07,3.030981503971823e-05,0.00013137913993558001
2025-03-10,0.0007476692775355164,0.00013137913993503227
2025-03-11,5.7709044404911286e-05,0.00013137913993449549
2025-03-12,2.376531242081289e-05,0.00013137913993396943
2025-03-13,0.000195674405912188,0.0001313791399334539
2025-03-14,0.00044280389095509114,0.00013137913993294865
2025-03-17,4.090414672840394e-05,0.00013137913993245353
2025-03-18,0.00011471838917691615,0.0001313791399319683
2025-03-19,0.00011536066392492125,0.00013137913993149276
2025-03-20,4.784209169666841e-06,0.00013137913993102674
2025-03-21,6.794929240575376e-07,0.00013137913993057002
2025-03-24,0.0003059741616420318,0.00013137913993012244
2025-03-25,2.4746294227153843e-06,0.0001313791399296838
2025-03-26,0.0001258803297538425,0.00013137913992925394
2025-03-27,1.0972397923770682e-05,0.00013137913992883267
2025-03-28,0.00039738832208675075,0.0001313791399284198
2025-03-31,3.050618404832644e-05,0.0001313791399280152
2025-04-01,1.4243865193672473e-05,0.00013137913992761872
2025-04-02,4.496589520687086e-05,0.00013137913992723014
2025-04-03,0.002460746488386188,0.00013137913992684934
2025-04-04,0.0037956765079800504,0.00013137913992647616
2025-04-07,5.4484644585095115e-06,0.00013137913992611043
2025-04-08,0.0002504332607257212,0.000131379139925752
2025-04-09,0.008261879179862137,0.00013137913992540074
2025-04-10,0.0012404911591469049,0.0001313791399250565
2025-04-11,0.0003214985569160375,0.00013137913992471915
2025-04-14,6.26206227606735e-05,0.00013137913992438855
2025-04-15,2.9903928048395095e-06,0.00013137913992406457
2025-04-16,0.0005136230802776701,0.00013137913992374706
2025-04-17,1.758166271957391e-06,0.0001313791399234359
2025-04-21,0.000568805725656328,0.00013137913992313096
2025-04-22,0.000615384873754399,0.0001313791399228321
2025-04-23,0.0002730380936150286,0.00013137913992253923
2025-04-24,0.0004022683300430635,0.00013137913992225221
2025-04-25,5.396496182562224e-05,0.00013137913992197092
2025-04-28,4.1024222146384505e-07,0.00013137913992169526
2025-04-29,3.347364809366824e-05,0.0001313791399214251
2025-04-30,2.1871370817765195e-06,0.00013137913992116034
2025-05-01,3.943018262672375e-05,0.0001313791399209009
2025-05-02,0.00021372074868476038,0.00013137913992064662
2025-05-05,4.0986206165605153e-05,0.00013137913992039744
2025-05-06,5.964450161025643e-05,0.00013137913992015323
2025-05-07,1.8809032141434468e-05,0.0001313791399199139
2025-05-08,3.3443333592034826e-05,0.00013137913991967935
2025-05-09,5.065654787482052e-07,0.0001313791399194495
2025-05-12,0.0010265601054640376,0.00013137913991922425
2025-05-13,5.2158136491916285e-05,0.0001313791399190035
2025-05-14,1.0483532760096008e-06,0.00013137913991878716
2025-05-15,1.7005870268201928e-05,0.00013137913991857514
2025-05-16,4.873225790010481e-05,0.00013137913991836736
2025-05-19,7.66902272851098e-07,0.00013137913991816374
2025-05-20,1.5114810542694345e-05,0.0001313791399179642
2025-05-21,0.00026460615573607857,0.00013137913991776863
2025-05-22,1.979983208534959e-07,0.00013137913991757697
2025-05-23,4.530500931049327e-05,0.00013137913991738916
2025-05-27,0.0004101670291490069,0.0001313791399172051
2025-05-28,3.1212363028169516e-05,0.0001313791399170247
2025-05-29,1.6025377019474495e-05,0.00013137913991684793
2025-05-30,6.591565549262352e-09,0.0001313791399166747
2025-06-02,1.67579825267047e-05,0.0001313791399165049
2025-06-03,3.34492601547376e-05,0.00013137913991633852
2025-06-04,5.429441604328172e-09,0.00013137913991617545
2025-06-05,2.799846925873217e-05,0.00013137913991601564
2025-06-06,0.00010461599782024651,0.00013137913991585903
2025-06-09,8.455265684080762e-07,0.00013137913991570556
2025-06-10,2.9899161155607142e-05,0.00013137913991555515
2025-06-11,7.549637224690915e-06,0.00013137913991540775
2025-06-12,1.4555240354598909e-05,0.0001313791399152633
2025-06-13,0.00012906479081415038,0.00013137913991512174
2025-06-16,8.740049425611636e-05,0.00013137913991498302
2025-06-17,7.034612567184631e-05,0.00013137913991484706
2025-06-18,9.565908842132362e-08,0.0001313791399147138
2025-06-20,4.756914611633942e-06,0.00013137913991458322
2025-06-23,9.140612539159882e-05,0.00013137913991445526
2025-06-24,0.00012233086911511348,0.00013137913991432984
2025-06-25,1.0798508085740207e-11,0.00013137913991420695
2025-06-26,6.381023739265787e-05,0.0001313791399140865
2025-06-27,2.7096181415927995e-05,0.00013137913991396845
2025-06-30,2.6534217607047677e-05,0.00013137913991385276
2025-07-01,1.2525126365930367e-06,0.00013137913991373938
2025-07-02,2.240956594965351e-05,0.00013137913991362828
2025-07-03,6.896269746575003e-05,0.0001313791399135194
2025-07-07,6.23052600290968e-05,0.00013137913991341271
2025-07-08,5.128611551931282e-07,0.00013137913991330814
2025-07-09,3.652755200460989e-05,0.00013137913991320566
2025-07-10,7.520983038470365e-06,0.00013137913991310523
2025-07-11,1.0909622534726665e-05,0.00013137913991300682
2025-07-14,1.9780293986510097e-06,0.00013137913991291035
2025-07-15,1.5714446101696113e-05,0.00013137913991281583
2025-07-16,1.0166969241072144e-05,0.0001313791399127232
2025-07-17,2.8722956557020507e-05,0.00013137913991263241
2025-07-18,8.188494902358955e-09,0.00013137913991254346
2025-07-21,1.9548430125132055e-06,0.00013137913991245626
2025-07-22,4.061876126635084e-07,0.0001313791399123708
2025-07-23,6.055224253460716e-05,0.00013137913991228707
2025-07-24,4.871760761189416e-07,0.000131379139912205
2025-07-25,1.5732733548732652e-05,0.00013137913991212457
2025-07-28,3.127325964366975e-08,0.00013137913991204575
2025-07-29,8.784289439416263e-06,0.0001313791399119685
2025-07-30,1.5630348920433637e-06,0.00013137913991189283
2025-07-31,1.3702301905569948e-05,0.00013137913991181864
2025-08-01,0.0002598991247870542,0.00013137913991174594
2025-08-04,0.00021402415720845586,0.0001313791399116747
2025-08-05,2.3714014909446057e-05,0.0001313791399116049
2025-08-06,5.264260268277488e-05,0.00013137913991153648
2025-08-07,6.364819229718865e-07,0.00013137913991146942
2025-08-08,6.0364428143917604e-05,0.0001313791399114037
2025-08-11,6.286394798975206e-06,0.00013137913991133929
2025-08-12,0.00012727357516656781,0.00013137913991127616
2025-08-13,1.0399808343130889e-05,0.0001313791399112143
2025-08-14,9.183619841808242e-08,0.0001313791399111537
2025-08-15,8.41777331029119e-06,0.0001313791399110943
2025-08-18,1.0154241767107848e-08,0.0001313791399110361
2025-08-19,3.451949217674858e-05,0.00013137913991097903
2025-08-20,5.9274263155628645e-06,0.00013137913991092311
2025-08-21,1.609790715338462e-05,0.0001313791399108683
2025-08-22,0.00022717377990755388,0.0001313791399108146
2025-08-25,1.828000747667292e-05,0.000131379139910762
2025-08-26,1.7019533332861243e-05,0.00013137913991071042
2025-08-27,5.703167061993318e-06,0.00013137913991065987
2025-08-28,9.933511934792236e-06,0.00013137913991061032
2025-08-29,4.120022835844148e-05,0.00013137913991056178
2025-09-02,4.8251779170376524e-05,0.0001313791399105142
2025-09-03,2.5878711582736818e-05,0.0001313791399104676
2025-09-04,6.908680226154778e-05,0.0001313791399104219
2025-09-05,1.0049994757213838e-05,0.0001313791399103771
2025-09-08,4.425824864822476e-06,0.00013137913991033323
2025-09-09,7.2067927566761345e-06,0.0001313791399102902
2025-09-10,8.874609191550942e-06,0.00013137913991024806
2025-09-11,7.140398083795905e-05,0.00013137913991020676
2025-09-12,2.331710483727117e-07,0.0001313791399101663
2025-09-15,2.204845018616373e-05,0.00013137913991012663
2025-09-16,1.6609034545203439e-06,0.00013137913991008776
2025-09-17,9.421402202151122e-07,0.00013137913991004968
2025-09-18,2.282630106503008e-05,0.00013137913991001236
2025-09-19,2.3751235569202037e-05,0.00013137913990997577
2025-09-22,1.9363086412909005e-05,0.0001313791399099399
2025-09-23,3.0441171202097545e-05,0.00013137913990990478
2025-09-24,8.126360300736442e-06,0.00013137913990987035
2025-09-25,2.52169560933163e-05,0.0001313791399098366
2025-09-26,3.462721232595477e-05,0.00013137913990980354
2025-09-29,6.927830702149119e-06,0.00013137913990977112
2025-09-30,1.6666835754305218e-05,0.00013137913990973936
2025-10-01,1.152028253803393e-05,0.00013137913990970824
2025-10-02,3.821262628028839e-07,0.00013137913990967772
2025-10-03,4.291646162997983e-09,0.00013137913990964782
2025-10-06,1.3249303580169834e-05,0.00013137913990961852
2025-10-07,1.4582375802470826e-05,0.00013137913990958982
2025-10-08,3.3764798062700245e-05,0.00013137913990956168
2025-10-09,7.614144763040674e-06,0.00013137913990953412
2025-10-10,0.0007554788458827754,0.0001313791399095071
2025-10-13,0.0002395766266405183,0.0001313791399094806
2025-10-14,2.450951489579122e-06,0.00013137913990945467
2025-10-15,1.614366910018893e-05,0.00013137913990942922
2025-10-16,3.9870135393047023e-05,0.0001313791399094043
2025-10-17,2.7634723668639495e-05,0.00013137913990937986
2025-10-20,0.00011269359893471275,0.00013137913990935593
2025-10-21,1.0690229503466633e-09,0.00013137913990933248
2025-10-22,2.8642135456148767e-05,0.0001313791399093095
2025-10-23,3.376167622686309e-05,0.00013137913990928697
2025-10-24,6.19583393453306e-05,0.00013137913990926488
2025-10-27,0.000149209677647851,0.00013137913990924325
2025-10-28,5.222735504422484e-06,0.00013137913990922203
2025-10-29,1.8991470851760134e-09,0.00013137913990920124
2025-10-30,9.90859269162764e-05,0.00013137913990918086
2025-10-31,6.835615049612465e-06,0.0001313791399091609
2025-11-03,2.9557655361591648e-06,0.00013137913990914134
2025-11-04,0.00013938754832631476,0.00013137913990912217
2025-11-05,1.3299862656936484e-05,0.00013137913990910336
2025-11-06,0.00012636310517809057,0.00013137913990908496
2025-11-07,1.5902378905257066e-06,0.0001313791399090669
2025-11-10,0.00023358924521199378,0.00013137913990904923
2025-11-11,4.2981580425995086e-06,0.0001313791399090319
2025-11-12,3.960425622796718e-07,0.0001313791399090149
2025-11-13,0.000278738105160649,0.00013137913990899825
2025-11-14,2.5185489921764353e-07,0.00013137913990898193
2025-11-17,8.472278148626809e-05,0.00013137913990896594
2025-11-18,6.873586972020604e-05,0.00013137913990895027
2025-11-19,1.4038568220031342e-05,0.00013137913990893493
2025-11-20,0.0002461675056049842,0.0001313791399089199
2025-11-21,9.555263947374251e-05,0.00013137913990890514
2025-11-24,0.00023558624159681176,0.0001313791399088907
2025-11-25,8.137638424002378e-05,0.00013137913990887652
2025-11-26,4.7375268258970714e-05,0.00013137913990886264
2025-11-28,2.852080504084852e-05,0.00013137913990884904
2025-12-01,2.8489426616523617e-05,0.0001313791399088357
2025-12-02,6.023201678584559e-06,0.00013137913990882264
2025-12-03,8.852770230432907e-06,0.00013137913990880984
2025-12-04,1.1658356861361449e-06,0.0001313791399087973
2025-12-05,3.7433306371238695e-06,0.000131379139908785
2025-12-08,1.2133485699691882e-05,0.00013137913990877293
2025-12-09,7.686785703834856e-07,0.0001313791399087611
2025-12-10,4.5250923402311485e-05,0.00013137913990874953
2025-12-11,4.314726537218291e-06,0.0001313791399087382
2025-12-12,0.00011493798538581579,0.0001313791399087271
2025-12-15,2.5530891242659566e-06,0.0001313791399087162
2025-12-16,5.696642431983001e-06,0.00013137913990870551
2025-12-17,0.00013595225619773878,0.00013137913990869505
2025-12-18,6.24566427350438e-05,0.0001313791399086848
2025-12-19,7.707799467846387e-05,0.00013137913990867475
2025-12-22,4.1163395242361455e-05,0.0001313791399086649
2025-12-23,2.06122087893322e-05,0.00013137913990865526
2025-12-24,1.0344613637740652e-05,0.0001313791399086458
2025-12-26,9.266537328108328e-08,0.00013137913990863653
2025-12-29,1.2237143842409644e-05,0.00013137913990862745
2025-12-30,1.895066795102152e-06,0.00013137913990861856
2025-12-31,5.453626702142867e-05,0.00013137913990860983
2026-01-02,3.583123510264999e-06,0.0001313791399086013
2026-01-05,4.011986650660223e-05,0.00013137913990859292
2026-01-06,3.816264296657308e-05,0.0001313791399085847
2026-01-07,1.1873906832843697e-05,0.00013137913990857666
2026-01-08,5.8591874564673264e-09,0.00013137913990856877
2026-01-09,4.1662004946938e-05,0.00013137913990856105
2026-01-12,2.4850056186831437e-06,0.00013137913990855348
2026-01-13,3.7675026934508297e-06,0.00013137913990854606
2026-01-14,2.859718495017334e-05,0.0001313791399085388
2026-01-15,6.638887762849781e-06,0.00013137913990853166
2026-01-16,4.1281738903532283e-07,0.00013137913990852467
2026-01-20,0.00043440817858821876,0.0001313791399085178
2026-01-21,0.00013273615152633453,0.00013137913990851112
2026-01-22,2.994826399798943e-05,0.00013137913990850453
2026-01-23,1.0680897727225809e-07,0.00013137913990849808
2026-01-26,2.4935983635106093e-05,0.00013137913990849176
2026-01-27,1.6594117893790732e-05,0.00013137913990848556
2026-01-28,6.679203100542191e-09,0.00013137913990847949
2026-01-29,1.6730580247099675e-06,0.00013137913990847355
2026-01-30,1.8586267943647075e-05,0.00013137913990846772
2026-02-02,2.8909819918884862e-05,0.000131379139908462
2026-02-03,7.122508582483228e-05,0.00013137913990845642
2026-02-04,2.5860277666583638e-05,0.00013137913990845094
2026-02-05,0.00015194698691217421,0.00013137913990844558
2026-02-06,0.0003804194458786158,0.0001313791399084403
2026-02-09,2.190350318464503e-05,0.00013137913990843514
2026-02-10,1.0950687392119491e-05,0.0001313791399084301
2026-02-11,2.396814280934976e-09,0.00013137913990842514
2026-02-12,0.0002491643745631635,0.0001313791399084203
2026-02-13,2.489657164087057e-07,0.00013137913990841552
2026-02-17,1.0625293242492617e-06,0.00013137913990841086
2026-02-18,3.0809569120128766e-05,0.00013137913990840628
2026-02-19,7.98692820626981e-06,0.0001313791399084018
2026-02-20,4.782767693216885e-05,0.0001313791399083974
2026-02-23,0.00010899275376565344,0.0001313791399083931
2026-02-24,5.81023379816564e-05,0.0001313791399083889
2026-02-25,6.566564210824714e-05,0.00013137913990838478
2026-02-26,2.894469047302001e-05,0.00013137913990838074
2026-02-27,1.891201906564394e-05,0.00013137913990837676
2026-03-02,1.5862330470784632e-07,0.00013137913990837288
2026-03-03,9.003938891117865e-05,0.00013137913990836906
2026-03-04,5.9693018952601586e-05,0.00013137913990836532
2026-03-05,3.206625931903102e-05,0.00013137913990836166
2026-03-06,0.00017864248267965,0.00013137913990835806
2026-03-09,6.83907773619984e-05,0.00013137913990835453
2026-03-10,4.56848947217511e-06,0.0001313791399083511
2026-03-11,7.021638654102616e-07,0.0001313791399083477
2026-03-12,0.00023546313837237857,0.0001313791399083444
2026-03-13,3.693657022593666e-05,0.00013137913990834114
2026-03-16,0.00010160458050401661,0.00013137913990833797
2026-03-17,6.2058252581514655e-06,0.00013137913990833485
2026-03-18,0.00018771738411299283,0.00013137913990833182
2026-03-19,7.5767111013947726e-06,0.00013137913990832884
2026-03-20,0.00023268251186576948,0.0001313791399083259
2026-03-23,0.00012968902876130944,0.00013137913990832304
2026-03-24,1.4059466108557313e-05,0.00013137913990832022
2026-03-25,2.920855280132999e-05,0.00013137913990831745
2026-03-26,0.00030833396687020227,0.00013137913990831474
2026-03-27,0.00028436859166632543,0.00013137913990831209
2026-03-30,1.5630587913243097e-05,0.00013137913990830948
2026-03-31,0.0008245450977931231,0.00013137913990830694
2026-04-01,5.102166332672968e-05,0.00013137913990830444
2026-04-02,1.2549558867425122e-06,0.000131379139908302
2026-04-06,1.9510005004778152e-05,0.00013137913990829962
2026-04-07,5.760203318842279e-07,0.00013137913990829729
2026-04-08,0.0006136538843697728,0.00013137913990829498
2026-04-09,3.7835623633232945e-05,0.00013137913990829273
2026-04-10,1.297707603437268e-06,0.00013137913990829054
2026-04-13,0.00010245236351079613,0.00013137913990828837
2026-04-14,0.00013721753632753555,0.00013137913990828625
2026-04-15,6.31094383759452e-05,0.00013137913990828417
2026-04-16,6.79413321820141e-06,0.00013137913990828213
2026-04-17,0.00014324628314510508,0.00013137913990828016
2026-04-20,5.6510603957190145e-06,0.0001313791399082782
2026-04-21,4.055720101148119e-05,0.00013137913990827628
2026-04-22,0.00010827975817165558,0.0001313791399082744
2026-04-23,1.715146042649679e-05,0.00013137913990827257
2026-04-24,6.307644280828675e-05,0.00013137913990827075
2026-04-27,1.5168828992784199e-06,0.000131379139908269
2026-04-28,2.407067940392054e-05,0.00013137913990826725
2026-04-29,1.594019546977585e-07,0.00013137913990826555
2026-04-30,0.0001037583479065532,0.00013137913990826387
