Date,y_true,y_pred_lstm
2020-04-07,2.5739039e-06,0.00018081415
2020-04-08,0.001121538,0.00018078777
2020-04-09,0.00020688422,0.00018079019
2020-04-13,0.00010314555,0.00018077933
2020-04-14,0.0009068867,0.00018077432
2020-04-15,0.00049625285,0.00018078105
2020-04-16,3.363812e-05,0.00018077019
2020-04-17,0.0006991229,0.00018077967
2020-04-20,0.00032554427,0.00018078052
2020-04-21,0.0009706412,0.00018077121
2020-04-22,0.00051398785,0.00018077726
2020-04-23,2.9113326e-07,0.00018079122
2020-04-24,0.00019105019,0.00018078399
2020-04-27,0.0002133606,0.00018078553
2020-04-28,2.7627326e-05,0.00018078226
2020-04-29,0.0006883646,0.0001807776
2020-04-30,8.565768e-05,0.00018078242
2020-05-01,0.0008099836,0.00018077363
2020-05-04,1.7984576e-05,0.00018077674
2020-05-05,8.0998834e-05,0.0001807888
2020-05-06,4.905434e-05,0.00018078864
2020-05-07,0.00013084972,0.0001807857
2020-05-08,0.0002799195,0.00018078949
2020-05-11,1.7707457e-08,0.00018078725
2020-05-12,0.00042904352,0.0001807819
2020-05-13,0.00031035856,0.00018078157
2020-05-14,0.00013130679,0.00018078898
2020-05-15,1.5356016e-05,0.00018079673
2020-05-18,0.0009619432,0.00018079295
2020-05-19,0.00011108628,0.00018079364
2020-05-20,0.00027271188,0.0001807819
2020-05-21,6.0901923e-05,0.00018078742
2020-05-22,5.5269456e-06,0.00018078208
2020-05-26,0.00014918875,0.00018078605
2020-05-27,0.0002166327,0.00018078674
2020-05-28,4.452688e-06,0.00018078399
2020-05-29,2.3047618e-05,0.00018077967
2020-06-01,1.4019157e-05,0.0001807819
2020-06-02,6.686836e-05,0.00018078157
2020-06-03,0.00018378333,0.0001807819
2020-06-04,1.1386502e-05,0.00018078105
2020-06-05,0.0006694645,0.00018077709
2020-06-08,0.00014327267,0.00018078157
2020-06-09,6.130488e-05,0.00018077432
2020-06-10,2.8379654e-05,0.00018077121
2020-06-11,0.0036908898,0.00018077553
2020-06-12,0.00016838401,0.00018077569
2020-06-15,6.852298e-05,0.0001807995
2020-06-16,0.0003528707,0.0001807957
2020-06-17,1.3008979e-05,0.00018079364
2020-06-18,3.5288755e-07,0.00018078674
2020-06-19,3.2098043e-05,0.00018078847
2020-06-22,4.1913885e-05,0.00018078847
2020-06-23,1.8474258e-05,0.0001807914
2020-06-24,0.00068619195,0.00018078984
2020-06-25,0.000118806245,0.00018078707
2020-06-26,0.00060148566,0.00018079743
2020-06-29,0.00021254398,0.00018079225
2020-06-30,0.00023385596,0.00018080209
2020-07-01,2.5095731e-05,0.00018079743
2020-07-02,2.0529693e-05,0.0001807919
2020-07-06,0.00024828088,0.00018079088
2020-07-07,0.00011831953,0.00018079054
2020-07-08,6.0792994e-05,0.00018078467
2020-07-09,3.2030977e-05,0.00018078949
2020-07-10,0.00010840578,0.00018078707
2020-07-13,8.848497e-05,0.00018079019
2020-07-14,0.00017735049,0.0001807864
2020-07-15,8.174071e-05,0.00018079122
2020-07-16,1.1641166e-05,0.00018078742
2020-07-17,8.091536e-06,0.0001807845
2020-07-20,7.0086986e-05,0.00018078674
2020-07-21,2.8144402e-06,0.00018078691
2020-07-22,3.2840126e-05,0.00018078467
2020-07-23,0.0001536702,0.00018078518
2020-07-24,3.855963e-05,0.00018078311
2020-07-27,5.4286375e-05,0.00018078795
2020-07-28,4.2177693e-05,0.0001807914
2020-07-29,0.00015256656,0.00018078864
2020-07-30,1.4117317e-05,0.00018079208
2020-07-31,5.838849e-05,0.00018078777
2020-08-03,5.1199215e-05,0.00018079019
2020-08-04,1.2999075e-05,0.00018078812
2020-08-05,4.107734e-05,0.0001807864
2020-08-06,4.1051262e-05,0.00018078623
2020-08-07,4.0047289e-07,0.000180785
2020-08-10,7.499192e-06,0.00018078364
2020-08-11,6.401689e-05,0.0001807845
2020-08-12,0.00019319616,0.00018078399
2020-08-13,4.1995186e-06,0.00018078847
2020-08-14,2.9548715e-08,0.00018078415
2020-08-17,7.323397e-06,0.00018078588
2020-08-18,5.2934065e-06,0.00018078674
2020-08-19,1.9484485e-05,0.00018078674
2020-08-20,9.945538e-06,0.00018078623
2020-08-21,1.1800599e-05,0.0001807888
2020-08-24,9.987235e-05,0.00018078812
2020-08-25,1.288738e-05,0.00018078812
2020-08-26,0.00010290076,0.00018078536
2020-08-27,2.7944004e-06,0.00018078553
2020-08-28,4.502414e-05,0.00018078276
2020-08-31,4.828458e-06,0.00018078364
2020-09-01,5.620248e-05,0.00018078226
2020-09-02,0.00023253354,0.00018078432
2020-09-03,0.0012786055,0.00018078381
2020-09-04,6.668814e-05,0.00018077709
2020-09-08,0.00079235656,0.00018079054
2020-09-09,0.00039779348,0.00018079225
2020-09-10,0.00031475181,0.00018080398
2020-09-11,2.8401456e-07,0.00018079519
2020-09-14,0.0001603094,0.00018080122
2020-09-15,2.7100206e-05,0.00018080122
2020-09-16,2.143363e-05,0.00018079639
2020-09-17,7.136785e-05,0.00018079397
2020-09-18,0.000126463,0.00018079502
2020-09-21,0.00013545617,0.00018079743
2020-09-22,0.00010947471,0.00018080036
2020-09-23,0.0005763523,0.00018080501
2020-09-24,8.898322e-06,0.0001807988
2020-09-25,0.00025123643,0.00018080708
2020-09-28,0.00025543047,0.00018080622
2020-09-29,2.3273704e-05,0.00018080053
2020-09-30,6.756581e-05,0.00018079397
2020-10-01,2.7867309e-05,0.00018079605
2020-10-02,9.2617774e-05,0.0001807933
2020-10-05,0.00031730684,0.00018079088
2020-10-06,0.000198023,0.00018079554
2020-10-07,0.00029746466,0.00018078847
2020-10-08,6.365188e-05,0.00018079467
2020-10-09,7.665169e-05,0.00018078915
2020-10-12,0.0002651208,0.00018078742
2020-10-13,4.0029558e-05,0.0001807857
2020-10-14,4.415831e-05,0.00018078017
2020-10-15,2.3376072e-06,0.00018078329
2020-10-16,1.8200831e-08,0.0001807864
2020-10-19,0.00027108515,0.0001807876
2020-10-20,2.2242499e-05,0.00018078707
2020-10-21,4.831705e-06,0.00018079364
2020-10-22,2.709571e-05,0.0001807919
2020-10-23,1.1832488e-05,0.0001807933
2020-10-26,0.00035210545,0.00018079173
2020-10-27,9.182145e-06,0.00018078949
2020-10-28,0.0012906445,0.00018079639
2020-10-29,0.00014105185,0.00018079502
2020-10-30,0.00014893062,0.00018080864
2020-11-02,0.00014988985,0.0001808026
2020-11-03,0.0003112662,0.00018080675
2020-11-04,0.00047556817,0.0001808026
2020-11-05,0.00037145877,0.00018079691
2020-11-06,8.280385e-08,0.00018079001
2020-11-09,0.00013530283,0.00018078346
2020-11-10,1.9621712e-06,0.00018078536
2020-11-11,5.8105987e-05,0.0001807819
2020-11-12,0.00010057385,0.00018078399
2020-11-13,0.0001827511,0.00018078157
2020-11-16,0.00013411342,0.00018078707
2020-11-17,2.3073073e-05,0.00018078399
2020-11-18,0.00013528507,0.00018078017
2020-11-19,1.5513166e-05,0.00018078226
2020-11-20,4.6454275e-05,0.00018078777
2020-11-23,3.1585616e-05,0.00018078656
2020-11-24,0.00025703973,0.00018078984
2020-11-25,2.5143645e-06,0.00018078915
2020-11-27,5.7317675e-06,0.00018078364
2020-11-30,2.1216532e-05,0.000180785
2020-12-01,0.00012562242,0.00018078483
2020-12-02,3.2025412e-06,0.00018078795
2020-12-03,3.898155e-07,0.00018078467
2020-12-04,7.7395365e-05,0.00018078483
2020-12-07,3.7539583e-06,0.00018078656
2020-12-08,7.746598e-06,0.00018078415
2020-12-09,6.36958e-05,0.0001807857
2020-12-10,1.6536276e-06,0.00018078518
2020-12-11,1.6022448e-06,0.0001807888
2020-12-14,1.908631e-05,0.00018078984
2020-12-15,0.00016482662,0.00018079054
2020-12-16,3.1372401e-06,0.00018079313
2020-12-17,3.296072e-05,0.0001807888
2020-12-18,1.2371378e-05,0.0001807888
2020-12-21,1.5318836e-05,0.00018078707
2020-12-22,4.3066407e-06,0.0001807888
2020-12-23,5.5581984e-07,0.00018079054
2020-12-24,1.2463371e-05,0.00018079173
2020-12-28,7.542415e-05,0.0001807919
2020-12-29,4.972297e-06,0.00018079155
2020-12-30,1.7973373e-06,0.00018078847
2020-12-31,4.119335e-05,0.00018078984
2021-01-04,0.00022096117,0.00018079019
2021-01-05,4.981016e-05,0.00018078742
2021-01-06,3.241712e-05,0.00018079364
2021-01-07,0.00021721631,0.00018079173
2021-01-08,2.9995748e-05,0.00018079088
2021-01-11,4.3248085e-05,0.0001807864
2021-01-12,1.7280817e-07,0.0001807845
2021-01-13,5.1667853e-06,0.0001807876
2021-01-14,1.4141458e-05,0.0001807883
2021-01-15,5.2070667e-05,0.00018078777
2021-01-19,6.566603e-05,0.00018078915
2021-01-20,0.00019152947,0.00018079278
2021-01-21,1.0028189e-07,0.00018079088
2021-01-22,9.091145e-06,0.0001807864
2021-01-25,1.3027173e-05,0.00018078656
2021-01-26,2.2199306e-06,0.00018078847
2021-01-27,0.0006766926,0.00018078777
2021-01-28,9.434817e-05,0.00018078707
2021-01-29,0.00038026474,0.00018079778
2021-02-01,0.00025358333,0.00018079295
2021-02-02,0.0001905098,0.00018080104
2021-02-03,1.0165895e-06,0.0001807957
2021-02-04,0.00011652873,0.00018079071
2021-02-05,1.5131474e-05,0.00018079122
2021-02-08,5.434797e-05,0.00018078777
2021-02-09,1.24132e-06,0.00018078742
2021-02-10,1.1919378e-07,0.00018078536
2021-02-11,2.7591695e-06,0.0001807864
2021-02-12,2.2089727e-05,0.00018078742
2021-02-16,3.2425567e-07,0.00018078777
2021-02-17,1.0269035e-07,0.00018078674
2021-02-18,1.9586061e-05,0.0001807876
2021-02-19,3.4470345e-06,0.00018078812
2021-02-22,6.0262508e-05,0.00018079001
2021-02-23,1.5763546e-06,0.00018079054
2021-02-24,0.00012741145,0.00018079381
2021-02-25,0.00061421667,0.00018079397
2021-02-26,2.267219e-05,0.00018078864
2021-03-01,0.0005528223,0.00018079726
2021-03-02,6.583178e-05,0.00018080053
2021-03-03,0.00017298394,0.00018079122
2021-03-04,0.00018246709,0.00018079313
2021-03-05,0.00037281262,0.00018079726
2021-03-08,2.8876042e-05,0.00018080311
2021-03-09,0.00019755428,0.00018079537
2021-03-10,3.6146594e-05,0.00018079778
2021-03-11,0.000106953354,0.00018079295
2021-03-12,1.0299882e-06,0.00018079155
2021-03-15,4.187306e-05,0.00018078812
2021-03-16,2.4677802e-06,0.0001807888
2021-03-17,8.267032e-06,0.00018078674
2021-03-18,0.00022113355,0.00018078812
2021-03-19,3.6347114e-07,0.00018078674
2021-03-22,4.90078e-05,0.0001807926
2021-03-23,5.867741e-05,0.00018079364
2021-03-24,3.0056015e-05,0.00018079071
2021-03-25,2.7317174e-05,0.0001807933
2021-03-26,0.00027206584,0.0001807957
2021-03-29,7.5410054e-07,0.00018079467
2021-03-30,1.00034895e-05,0.00018078864
2021-03-31,1.30751205e-05,0.00018078898
2021-04-01,0.00013819955,0.00018079088
2021-04-05,0.00020549187,0.00018079054
2021-04-06,9.486856e-07,0.0001807876
2021-04-07,2.1731055e-06,0.00018078294
2021-04-08,1.7738847e-05,0.00018078432
2021-04-09,5.9140533e-05,0.000180785
2021-04-12,3.8454456e-08,0.000180785
2021-04-13,1.0817994e-05,0.00018078294
2021-04-14,1.677807e-05,0.00018078432
2021-04-15,0.000121729325,0.00018078364
2021-04-16,1.2976734e-05,0.00018078674
2021-04-19,2.8309742e-05,0.00018078399
2021-04-20,4.6588284e-05,0.00018078294
2021-04-21,8.580356e-05,0.00018078536
2021-04-22,8.562426e-05,0.00018078915
2021-04-23,0.000118144075,0.00018078588
2021-04-26,3.1708375e-06,0.00018079054
2021-04-27,4.619017e-08,0.00018078707
2021-04-28,7.1554274e-07,0.00018078707
2021-04-29,4.542816e-05,0.00018078777
2021-04-30,5.21387e-05,0.00018078915
2021-05-03,7.5313014e-06,0.00018078674
2021-05-04,4.4899884e-05,0.00018079019
2021-05-05,4.9451336e-07,0.00018078915
2021-05-06,6.613429e-05,0.00018079208
2021-05-07,5.3967997e-05,0.0001807926
2021-05-10,0.00011005018,0.00018079054
2021-05-11,7.589459e-05,0.00018078742
2021-05-12,0.00047014304,0.00018079122
2021-05-13,0.0001464014,0.00018079346
2021-05-14,0.00021927031,0.00018080192
2021-05-17,6.417397e-06,0.00018079812
2021-05-18,7.316702e-05,0.00018079225
2021-05-19,8.6892405e-06,0.0001807926
2021-05-20,0.00011023802,0.0001807957
2021-05-21,6.149509e-07,0.00018079743
2021-05-24,9.726886e-05,0.00018079346
2021-05-25,4.5264496e-06,0.00018079432
2021-05-26,3.5158407e-06,0.00018079054
2021-05-27,1.3563772e-06,0.00018079173
2021-05-28,5.907251e-07,0.0001807914
2021-06-01,2.425117e-07,0.0001807914
2021-06-02,2.0905952e-06,0.00018079122
2021-06-03,1.3215428e-05,0.00018079173
2021-06-04,7.735736e-05,0.00018079122
2021-06-07,6.352987e-07,0.0001807933
2021-06-08,3.0628343e-08,0.00018079036
2021-06-09,3.3325693e-06,0.00018079088
2021-06-10,2.1543103e-05,0.00018079088
2021-06-11,3.7890138e-06,0.00018079225
2021-06-14,3.2889868e-06,0.00018079071
2021-06-15,4.055068e-06,0.00018079054
2021-06-16,2.9210823e-05,0.00018079001
2021-06-17,1.8993083e-07,0.00018079054
2021-06-18,0.00017453992,0.00018079295
2021-06-21,0.00019335357,0.00018079225
2021-06-22,2.6126476e-05,0.00018079812
2021-06-23,1.1747753e-06,0.0001807933
2021-06-24,3.3575412e-05,0.00018079155
2021-06-25,1.1056045e-05,0.00018079225
2021-06-28,5.3466797e-06,0.00018079054
2021-06-29,7.689404e-08,0.00018078984
2021-06-30,1.761668e-06,0.00018078949
2021-07-01,2.7123695e-05,0.00018078984
2021-07-02,5.5832217e-05,0.00018079019
2021-07-06,4.0961822e-06,0.00018078915
2021-07-07,1.1244933e-05,0.00018078674
2021-07-08,7.3923555e-05,0.0001807883
2021-07-09,0.00012577232,0.00018078707
2021-07-12,1.1869628e-05,0.00018079155
2021-07-13,1.2411608e-05,0.00018078812
2021-07-14,1.3554934e-06,0.00018078707
2021-07-15,1.0677037e-05,0.00018078898
2021-07-16,5.726577e-05,0.0001807888
2021-07-19,0.000255897,0.00018078984
2021-07-20,0.00022646657,0.0001807919
2021-07-21,6.737195e-05,0.00018079898
2021-07-22,4.058771e-06,0.00018079381
2021-07-23,0.000101895545,0.00018079088
2021-07-26,5.661387e-06,0.00018079122
2021-07-27,2.231224e-05,0.00018078777
2021-07-28,3.469995e-08,0.00018078707
2021-07-29,1.7617594e-05,0.00018078949
2021-07-30,2.9384137e-05,0.00018079054
2021-08-02,3.4022012e-06,0.0001807888
2021-08-03,6.674827e-05,0.00018079122
2021-08-04,2.1558848e-05,0.0001807926
2021-08-05,3.584999e-05,0.00018078966
2021-08-06,2.8018226e-06,0.00018079208
2021-08-09,8.842586e-07,0.00018079036
2021-08-10,9.844349e-07,0.00018079001
2021-08-11,1.6254484e-06,0.00018079071
2021-08-12,1.7121452e-05,0.00018079071
2021-08-13,2.5792883e-06,0.00018079088
2021-08-16,6.8508994e-06,0.00018078966
2021-08-17,5.020776e-05,0.00018078966
2021-08-18,0.00011678375,0.0001807888
2021-08-19,1.577293e-06,0.00018079104
2021-08-20,6.574946e-05,0.00018079537
2021-08-23,7.204051e-05,0.00018079537
2021-08-24,2.2338854e-06,0.00018079295
2021-08-25,4.9180044e-06,0.00018079019
2021-08-26,3.4128378e-05,0.00018078984
2021-08-27,7.689661e-05,0.00018078915
2021-08-30,1.8466995e-05,0.00018079225
2021-08-31,1.8225727e-06,0.00018078949
2021-09-01,9.7119525e-08,0.00018078847
2021-09-02,8.057683e-06,0.00018078949
2021-09-03,1.1228347e-07,0.00018078984
2021-09-07,1.1569198e-05,0.00018078915
2021-09-08,1.7409135e-06,0.00018078966
2021-09-09,2.1309737e-05,0.00018079122
2021-09-10,6.0102066e-05,0.00018079155
2021-09-13,5.170623e-06,0.00018079295
2021-09-14,3.3214634e-05,0.00018079605
2021-09-15,7.1204806e-05,0.00018079484
2021-09-16,2.4097742e-06,0.00018079708
2021-09-17,8.377064e-05,0.00018079397
2021-09-20,0.0002931998,0.00018079381
2021-09-21,6.6046283e-07,0.00018079605
2021-09-22,8.976777e-05,0.00018080192
2021-09-23,0.00014548414,0.00018080226
2021-09-24,2.1314331e-06,0.00018079898
2021-09-27,7.729756e-06,0.00018079432
2021-09-28,0.00042330255,0.00018079346
2021-09-29,2.4584808e-06,0.0001807933
2021-09-30,0.00014354923,0.00018080087
2021-10-01,0.00013055238,0.00018079915
2021-10-04,0.00017084979,0.00018080363
2021-10-05,0.000109610795,0.00018079812
2021-10-06,1.6764106e-05,0.00018080295
2021-10-07,6.829434e-05,0.0001807988
2021-10-08,3.669357e-06,0.00018079726
2021-10-11,4.7464408e-05,0.00018079397
2021-10-12,5.854976e-06,0.00018079414
2021-10-13,9.108057e-06,0.00018079639
2021-10-14,0.00028625806,0.00018079726
2021-10-15,5.5242363e-05,0.00018079708
2021-10-18,1.1350752e-05,0.00018079122
2021-10-19,5.426006e-05,0.0001807888
2021-10-20,1.3376089e-05,0.00018078847
2021-10-21,8.948433e-06,0.00018078674
2021-10-22,1.1516063e-06,0.00018078605
2021-10-25,2.2438784e-05,0.00018078553
2021-10-26,3.3056383e-06,0.00018078707
2021-10-27,2.5647847e-05,0.00018078605
2021-10-28,9.5673604e-05,0.0001807857
2021-10-29,3.7925117e-06,0.0001807888
2021-11-01,3.2344547e-06,0.00018078605
2021-11-02,1.3495389e-05,0.00018078605
2021-11-03,4.1479972e-05,0.00018078623
2021-11-04,1.7415785e-05,0.00018078605
2021-11-05,1.3881959e-05,0.00018078483
2021-11-08,7.874682e-07,0.00018078432
2021-11-09,1.22844e-05,0.00018078399
2021-11-10,6.8224996e-05,0.00018078415
2021-11-11,3.0336778e-07,0.00018078588
2021-11-12,5.1792456e-05,0.00018078949
2021-11-15,1.1534498e-10,0.00018079036
2021-11-16,1.4882459e-05,0.00018078812
2021-11-17,6.7861056e-06,0.00018078898
2021-11-18,1.1418078e-05,0.00018078777
2021-11-19,1.959005e-06,0.00018078949
2021-11-22,1.0254458e-05,0.0001807888
2021-11-23,2.7415458e-06,0.00018078949
2021-11-24,5.249706e-06,0.00018079122
2021-11-26,0.0005284027,0.00018079122
2021-11-29,0.0001719727,0.00018078915
2021-11-30,0.00036646903,0.00018079863
2021-12-01,0.0001412661,0.0001807926
2021-12-02,0.00019865883,0.0001807988
2021-12-03,7.198598e-05,0.00018080363
2021-12-06,0.00013601623,0.00018079761
2021-12-07,0.00042006976,0.00018080071
2021-12-08,9.4897e-06,0.00018079743
2021-12-09,5.194068e-05,0.00018078984
2021-12-10,9.032163e-05,0.00018078864
2021-12-13,8.423859e-05,0.00018079225
2021-12-14,5.6230845e-05,0.00018078864
2021-12-15,0.00026296734,0.0001807919
2021-12-16,7.712112e-05,0.0001807957
2021-12-17,0.00010693555,0.00018078949
2021-12-20,0.00013118034,0.00018079225
2021-12-21,0.00031052626,0.00018079554
2021-12-22,0.00010259113,0.00018080071
2021-12-23,3.8494738e-05,0.00018079467
2021-12-27,0.00018889895,0.00018079104
2021-12-28,1.0214445e-06,0.00018078984
2021-12-29,1.9625584e-06,0.00018078518
2021-12-30,8.965436e-06,0.00018078623
2021-12-31,6.914977e-06,0.0001807864
2022-01-03,4.037108e-05,0.00018078777
2022-01-04,3.9667356e-07,0.00018078984
2022-01-05,0.00038350423,0.00018078795
2022-01-06,9.297467e-07,0.00018078742
2022-01-07,1.6470944e-05,0.00018079502
2022-01-10,2.0795674e-06,0.00018079519
2022-01-11,8.3143146e-05,0.00018079639
2022-01-12,7.917425e-06,0.00018079743
2022-01-13,0.00020580855,0.00018079397
2022-01-14,6.7181674e-07,0.0001807919
2022-01-18,0.0003444404,0.00018079726
2022-01-19,9.4805095e-05,0.00018079554
2022-01-20,0.00012318208,0.00018080157
2022-01-21,0.00036465703,0.0001808038
2022-01-24,7.661297e-06,0.0001808057
2022-01-25,0.00014997898,0.00018081191
2022-01-26,2.2432757e-06,0.00018080881
2022-01-27,2.9145262e-05,0.00018081174
2022-01-28,0.00057868956,0.00018081053
2022-01-31,0.00035005758,0.0001808126
2022-02-01,4.6779587e-05,0.00018080363
2022-02-02,8.7954395e-05,0.00018079605
2022-02-03,0.00060976757,0.00018079397
2022-02-04,2.6457428e-05,0.00018078915
2022-02-07,1.3753573e-05,0.00018079845
2022-02-08,6.999185e-05,0.00018079639
2022-02-09,0.00020773002,0.00018079812
2022-02-10,0.0003342251,0.0001807957
2022-02-11,0.00036678696,0.00018078931
2022-02-14,1.4807033e-05,0.00018079484
2022-02-15,0.0002447259,0.00018080157
2022-02-16,7.758434e-07,0.00018080328
2022-02-17,0.00045798157,0.00018079673
2022-02-18,5.1724313e-05,0.00018079467
2022-02-22,0.00010393263,0.00018080157
2022-02-23,0.00034535522,0.00018080295
2022-02-24,0.00022040684,0.00018080468
2022-02-25,0.00048956345,0.00018081123
2022-02-28,5.9809176e-06,0.00018080605
2022-03-01,0.00024318743,0.00018079673
2022-03-02,0.00034117958,0.00018079605
2022-03-03,2.775731e-05,0.00018080277
2022-03-04,6.345213e-05,0.00018079519
2022-03-07,0.0008977566,0.00018079639
2022-03-08,5.2708237e-05,0.00018079726
2022-03-09,0.00064381945,0.00018080726
2022-03-10,1.8499031e-05,0.00018081053
2022-03-11,0.0001702054,0.00018079985
2022-03-14,5.548276e-05,0.00018079985
2022-03-15,0.0004487038,0.00018080346
2022-03-16,0.0004900433,0.00018080675
2022-03-17,0.00015060701,0.0001807995
2022-03-18,0.00013443972,0.00018079173
2022-03-21,1.8901179e-07,0.00018078777
2022-03-22,0.00012635332,0.00018078432
2022-03-23,0.00015248868,0.0001807857
2022-03-24,0.00020283491,0.0001807819
2022-03-25,2.5536656e-05,0.00018078812
2022-03-28,5.0688006e-05,0.00018078432
2022-03-29,0.00014840219,0.00018078346
2022-03-30,3.9861407e-05,0.00018078276
2022-03-31,0.00024889276,0.00018077898
2022-04-01,1.1590082e-05,0.0001807814
2022-04-04,6.493753e-05,0.00018078812
2022-04-05,0.00015954618,0.0001807883
2022-04-06,9.534417e-05,0.000180785
2022-04-07,1.8014638e-05,0.00018078949
2022-04-08,7.046618e-06,0.00018079364
2022-04-11,0.00028972584,0.0001807919
2022-04-12,1.1718987e-05,0.0001807919
2022-04-13,0.00012348995,0.00018079812
2022-04-14,0.00014929126,0.00018079985
2022-04-18,4.1979614e-08,0.00018079467
2022-04-19,0.00025376634,0.0001807988
2022-04-20,3.827481e-07,0.00018079985
2022-04-21,0.00022090448,0.00018079364
2022-04-22,0.0007914137,0.00018079278
2022-04-25,3.2282456e-05,0.00018079656
2022-04-26,0.000815103,0.00018080692
2022-04-27,4.392583e-06,0.00018080244
2022-04-28,0.00059759006,0.00018081191
2022-04-29,0.0013659794,0.00018081158
2022-05-02,3.2026535e-05,0.00018079898
2022-05-03,2.3285113e-05,0.00018081174
2022-05-04,0.0008658437,0.00018080881
2022-05-05,0.0013177391,0.00018080776
2022-05-06,3.2380474e-05,0.00018079364
2022-05-09,0.0010602525,0.00018080587
2022-05-10,6.0264447e-06,0.00018080519
2022-05-11,0.0002755677,0.00018081606
2022-05-12,1.6817032e-06,0.00018081242
2022-05-13,0.00055645354,0.00018081657
2022-05-16,1.5635766e-05,0.00018081674
2022-05-17,0.00039875775,0.00018080605
2022-05-18,0.001700227,0.00018080743
2022-05-19,3.423262e-05,0.00018079673
2022-05-20,2.1354296e-08,0.00018081018
2022-05-23,0.00033800805,0.0001808114
2022-05-24,6.6486915e-05,0.00018081088
2022-05-25,8.848009e-05,0.00018080226
2022-05-26,0.00038762388,0.00018080468
2022-05-27,0.00059736887,0.00018080174
2022-05-31,3.9616138e-05,0.00018079554
2022-06-01,5.6413694e-05,0.00018078623
2022-06-02,0.0003335454,0.00018078847
2022-06-03,0.0002716697,0.0001807926
2022-06-06,9.81249e-06,0.00018078536
2022-06-07,8.9838766e-05,0.00018079173
2022-06-08,0.000117779426,0.00018079155
2022-06-09,0.00058015744,0.00018078777
2022-06-10,0.00087275426,0.00018079054
2022-06-13,0.0015634062,0.00018079761
2022-06-14,1.4294585e-05,0.00018080536
2022-06-15,0.00020987488,0.00018081864
2022-06-16,0.0010924484,0.00018081881
2022-06-17,4.833171e-06,0.0001808095
2022-06-21,0.0005847921,0.0001808195
2022-06-22,1.6962981e-06,0.00018081848
2022-06-23,9.000454e-05,0.00018080743
2022-06-24,0.0009063435,0.00018080675
2022-06-27,8.865505e-06,0.0001808045
2022-06-28,0.0004140685,0.0001807926
2022-06-29,5.0694234e-07,0.00018079225
2022-06-30,7.740245e-05,0.00018079967
2022-07-01,0.00011021874,0.00018079932
2022-07-05,2.5054935e-06,0.0001808026
2022-07-06,1.2722032e-05,0.00018079863
2022-07-07,0.0002206331,0.00018079778
2022-07-08,6.899236e-07,0.00018079708
2022-07-11,0.00013443052,0.0001807914
2022-07-12,8.624593e-05,0.00018079088
2022-07-13,1.9952875e-05,0.0001807945
2022-07-14,9.018842e-06,0.00018079743
2022-07-15,0.00036173116,0.00018079845
2022-07-18,7.0538874e-05,0.00018080036
2022-07-19,0.0007427542,0.00018079225
2022-07-20,3.455669e-05,0.00018079708
2022-07-21,9.629628e-05,0.0001807876
2022-07-22,8.791476e-05,0.0001807864
2022-07-25,1.7273923e-06,0.00018078294
2022-07-26,0.00013480005,0.00018078725
2022-07-27,0.0006666749,0.00018078674
2022-07-28,0.00014545131,0.0001807933
2022-07-29,0.00019902934,0.000180785
2022-08-01,7.992362e-06,0.00018078226
2022-08-02,4.4685057e-05,0.00018077811
2022-08-03,0.00024079144,0.00018078001
2022-08-04,6.047278e-07,0.00018078467
2022-08-05,2.6473535e-06,0.00018078001
2022-08-08,1.5334293e-06,0.00018078122
2022-08-09,1.8128387e-05,0.00018078294
2022-08-10,0.00044382518,0.00018078399
2022-08-11,4.9804487e-07,0.00018078777
2022-08-12,0.00029494788,0.00018078087
2022-08-15,1.569494e-05,0.00018078329
2022-08-16,3.5115868e-06,0.00018077846
2022-08-17,5.2767366e-05,0.00018077846
2022-08-18,5.1392417e-06,0.0001807788
2022-08-19,0.00016858241,0.00018078276
2022-08-22,0.00046795927,0.00018078226
2022-08-23,5.01926e-06,0.00018078674
2022-08-24,8.479259e-06,0.00018079502
2022-08-25,0.00019581082,0.00018079621
2022-08-26,0.0011743354,0.00018079605
2022-08-29,4.4738375e-05,0.0001807888
2022-08-30,0.00012297517,0.00018080087
2022-08-31,6.1586994e-05,0.00018080226
2022-09-01,8.950582e-06,0.00018080501
2022-09-02,0.000116522366,0.00018080726
2022-09-06,1.6838423e-05,0.00018080433
2022-09-07,0.00033032513,0.00018080708
2022-09-08,4.3414486e-05,0.00018080881
2022-09-09,0.00022970479,0.00018080139
2022-09-12,0.0001108525,0.00018079932
2022-09-13,0.001953566,0.00018079432
2022-09-14,1.1433116e-05,0.00018078777
2022-09-15,0.00012955612,0.00018080433
2022-09-16,5.195598e-05,0.00018080192
2022-09-19,4.6699424e-05,0.00018080484
2022-09-20,0.0001285075,0.00018080692
2022-09-21,0.00029806898,0.0001808026
2022-09-22,7.162734e-05,0.00018080484
2022-09-23,0.00030216275,0.0001808095
2022-09-26,0.00010804274,0.00018081018
2022-09-27,4.505477e-06,0.00018081433
2022-09-28,0.00037951497,0.00018081606
2022-09-29,0.00045594186,0.00018081606
2022-09-30,0.00023047344,0.0001808057
2022-10-03,0.0006530364,0.00018081123
2022-10-04,0.0009075362,0.00018081674
2022-10-05,4.0803498e-06,0.00018080776
2022-10-06,0.00010604721,0.00018079537
2022-10-07,0.0008067416,0.00018079502
2022-10-10,5.6560526e-05,0.00018079708
2022-10-11,4.277838e-05,0.0001808064
2022-10-12,1.0864932e-05,0.00018080794
2022-10-13,0.00065711525,0.00018080881
2022-10-14,0.0005734646,0.00018081018
2022-10-17,0.0006830656,0.00018079829
2022-10-18,0.00012911251,0.00018080776
2022-10-19,4.481573e-05,0.00018079794
2022-10-20,6.372329e-05,0.00018079278
2022-10-21,0.00054979743,0.0001807945
2022-10-24,0.00013952193,0.0001807988
2022-10-25,0.00026036307,0.00018079088
2022-10-26,5.4984306e-05,0.0001807876
2022-10-27,3.7224458e-05,0.0001807819
2022-10-28,0.0005918534,0.000180785
2022-10-31,5.5985216e-05,0.00018078966
2022-11-01,1.6889337e-05,0.00018078122
2022-11-02,0.00064109446,0.00018078432
2022-11-03,0.00011326116,0.00018078518
2022-11-04,0.00018297495,0.00018079414
2022-11-07,9.15478e-05,0.00018079898
2022-11-08,3.1161882e-05,0.00018079432
2022-11-09,0.00044086497,0.00018079104
2022-11-10,0.0029108739,0.00018078795
2022-11-11,8.4608946e-05,0.00018079932
2022-11-14,8.056751e-05,0.00018078052
2022-11-15,7.5262156e-05,0.00018077742
2022-11-16,6.8662484e-05,0.00018078259
2022-11-17,9.573483e-06,0.00018078017
2022-11-18,2.2536817e-05,0.00018078399
2022-11-21,1.5141825e-05,0.00018078656
2022-11-22,0.0001819425,0.00018078536
2022-11-23,3.4777746e-05,0.00018078847
2022-11-25,8.01367e-08,0.00018078467
2022-11-28,0.00024225979,0.00018078329
2022-11-29,2.538075e-06,0.00018078346
2022-11-30,0.0009289477,0.00018078966
2022-12-01,7.5344104e-07,0.0001807926
2022-12-02,1.4289205e-06,0.0001807819
2022-12-05,0.00032602815,0.00018078294
2022-12-06,0.00021036222,0.00018078329
2022-12-07,3.474896e-06,0.00018078984
2022-12-08,5.6154557e-05,0.00018079537
2022-12-09,5.441599e-05,0.00018079673
2022-12-12,0.00020102439,0.00018079346
2022-12-13,5.275441e-05,0.00018079691
2022-12-14,3.685846e-05,0.00018079225
2022-12-15,0.0006369303,0.00018078931
2022-12-16,0.00012544538,0.00018079019
2022-12-19,8.1872255e-05,0.00018079898
2022-12-20,1.0749557e-06,0.00018080226
2022-12-21,0.00021781476,0.00018080501
2022-12-22,0.0002119104,0.00018080468
2022-12-23,3.4233643e-05,0.00018079761
2022-12-27,1.6466098e-05,0.0001808026
2022-12-28,0.00014625203,0.00018079985
2022-12-29,0.00029965807,0.00018080002
2022-12-30,6.471812e-06,0.00018080501
2023-01-03,1.6068654e-05,0.00018079778
2023-01-04,5.6410532e-05,0.00018079794
2023-01-05,0.00013721472,0.0001807995
2023-01-06,0.0005100296,0.0001807957
2023-01-09,5.897124e-07,0.00018080087
2023-01-10,4.8358088e-05,0.0001807926
2023-01-11,0.00016301087,0.00018079313
2023-01-12,1.1628679e-05,0.00018079155
2023-01-13,1.591126e-05,0.0001807876
2023-01-17,4.1312815e-06,0.00018078691
2023-01-18,0.0002460182,0.00018078605
2023-01-19,5.8793194e-05,0.0001807864
2023-01-20,0.00035125032,0.00018079225
2023-01-23,0.00013950719,0.00018079639
2023-01-24,5.0659713e-07,0.00018079036
2023-01-25,3.303e-08,0.00018078605
2023-01-26,0.00011985231,0.00018078691
2023-01-27,6.2087383e-06,0.0001807883
2023-01-30,0.00017039567,0.000180785
2023-01-31,0.00021130414,0.00018078399
2023-02-01,0.00010811957,0.00018079054
2023-02-02,0.0002129377,0.0001807864
2023-02-03,0.0001083388,0.00018078432
2023-02-06,3.7938124e-05,0.00018077916
2023-02-07,0.00016359342,0.00018078364
2023-02-08,0.00012415693,0.00018078777
2023-02-09,7.865934e-05,0.00018078329
2023-02-10,4.8086163e-06,0.00018078742
2023-02-13,0.00012958566,0.00018079155
2023-02-14,7.865437e-08,0.0001807919
2023-02-15,7.66923e-06,0.00018078795
2023-02-16,0.00019278459,0.00018078864
2023-02-17,7.679783e-06,0.00018078725
2023-02-21,0.0004098513,0.0001807926
2023-02-22,2.4799808e-06,0.0001807926
2023-02-23,2.8252183e-05,0.00018080002
2023-02-24,0.000112221496,0.00018080053
2023-02-27,9.414419e-06,0.00018079743
2023-02-28,9.245369e-06,0.00018080104
2023-03-01,2.2434093e-05,0.00018079915
2023-03-02,5.705678e-05,0.00018079967
2023-03-03,0.00025660032,0.00018080139
2023-03-06,4.718739e-07,0.00018079915
2023-03-07,0.00023856627,0.00018079313
2023-03-08,1.9988138e-06,0.0001807919
2023-03-09,0.00034714612,0.00018079761
2023-03-10,0.00021269216,0.0001807957
2023-03-13,2.2828244e-06,0.00018080122
2023-03-14,0.00026707366,0.00018080605
2023-03-15,4.9075123e-05,0.00018080675
2023-03-16,0.00030309334,0.00018079932
2023-03-17,0.00012278017,0.00018080226
2023-03-20,7.8834324e-05,0.00018079467
2023-03-21,0.0001663751,0.0001807988
2023-03-22,0.00027556825,0.00018079621
2023-03-23,8.8809e-06,0.00018079036
2023-03-24,3.1628962e-05,0.00018079639
2023-03-27,2.707998e-06,0.0001807957
2023-03-28,2.4808874e-06,0.00018079364
2023-03-29,0.00019985111,0.00018079295
2023-03-30,3.247859e-05,0.00018079467
2023-03-31,0.00020544429,0.00018078984
2023-04-03,1.3631031e-05,0.00018078915
2023-04-04,3.3800734e-05,0.00018078467
2023-04-05,6.227429e-06,0.00018078364
2023-04-06,1.2764708e-05,0.0001807864
2023-04-10,9.916316e-07,0.00018078812
2023-04-11,1.7100982e-09,0.00018078742
2023-04-12,1.716823e-05,0.00018078777
2023-04-13,0.00017359408,0.00018078795
2023-04-14,4.291185e-06,0.00018079071
2023-04-17,1.0894644e-05,0.0001807864
2023-04-18,7.307767e-07,0.00018078777
2023-04-19,7.1006827e-09,0.00018078725
2023-04-20,3.56449e-05,0.0001807876
2023-04-21,8.15014e-07,0.00018078777
2023-04-24,7.2457e-07,0.00018079036
2023-04-25,0.0002539938,0.00018079071
2023-04-26,1.4811595e-05,0.00018078966
2023-04-27,0.00037547562,0.00018079537
2023-04-28,6.7557405e-05,0.00018079812
2023-05-01,1.491358e-07,0.00018079155
2023-05-02,0.00013581353,0.00018078864
2023-05-03,4.932124e-05,0.00018078847
2023-05-04,5.2488773e-05,0.0001807926
2023-05-05,0.00033511574,0.00018079502
2023-05-08,2.0432795e-07,0.0001807988
2023-05-09,2.1067539e-05,0.0001807919
2023-05-10,2.001616e-05,0.00018079155
2023-05-11,2.8834243e-06,0.00018079364
2023-05-12,2.5108354e-06,0.00018079208
2023-05-15,8.724921e-06,0.00018079295
2023-05-16,4.093578e-05,0.00018079381
2023-05-17,0.00013972868,0.00018079243
2023-05-18,8.837359e-05,0.00018079554
2023-05-19,2.0935597e-06,0.0001807919
2023-05-22,2.4032031e-08,0.00018078864
2023-05-23,0.00012736181,0.00018078931
2023-05-24,5.3956555e-05,0.00018078915
2023-05-25,7.602891e-05,0.00018079295
2023-05-26,0.00016808294,0.00018079639
2023-05-30,2.7566394e-10,0.00018079414
2023-05-31,3.754452e-05,0.00018078949
2023-06-01,9.616186e-05,0.00018078915
2023-06-02,0.00020821948,0.0001807926
2023-06-05,4.022397e-06,0.00018079019
2023-06-06,5.5278133e-06,0.00018078518
2023-06-07,1.4587006e-05,0.00018078674
2023-06-08,3.8063612e-05,0.0001807864
2023-06-09,1.316529e-06,0.0001807888
2023-06-12,8.608082e-05,0.00018078707
2023-06-13,4.772835e-05,0.00018078795
2023-06-14,6.709084e-07,0.0001807857
2023-06-15,0.00014652086,0.00018078399
2023-06-16,1.35304535e-05,0.00018078536
2023-06-20,2.2527875e-05,0.00018078175
2023-06-21,2.7657989e-05,0.00018078364
2023-06-22,1.37191e-05,0.00018078605
2023-06-23,5.9109774e-05,0.0001807888
2023-06-26,2.0222418e-05,0.0001807876
2023-06-27,0.0001297488,0.00018079054
2023-06-28,1.254147e-07,0.0001807933
2023-06-29,1.992344e-05,0.00018078931
2023-06-30,0.00014870218,0.00018079001
2023-07-03,1.3688839e-06,0.00018078984
2023-07-05,3.881917e-06,0.00018078588
2023-07-06,6.326709e-05,0.00018078588
2023-07-07,8.232382e-06,0.00018078691
2023-07-10,5.77027e-06,0.00018079019
2023-07-11,4.515281e-05,0.0001807919
2023-07-12,5.4522057e-05,0.00018079155
2023-07-13,7.11405e-05,0.00018079001
2023-07-14,1.050486e-06,0.0001807883
2023-07-17,1.480687e-05,0.00018078588
2023-07-18,5.0297414e-05,0.00018078707
2023-07-19,5.54666e-06,0.00018078691
2023-07-20,4.596606e-05,0.00018078518
2023-07-21,1.05003224e-07,0.00018078467
2023-07-24,1.6208985e-05,0.00018078777
2023-07-25,7.900145e-06,0.00018078864
2023-07-26,2.4165006e-08,0.00018078795
2023-07-27,4.154309e-05,0.00018078742
2023-07-28,9.6616626e-05,0.00018078777
2023-07-31,2.1539538e-06,0.00018079122
2023-08-01,7.1216677e-06,0.00018078812
2023-08-02,0.00019421769,0.00018078777
2023-08-03,6.508751e-06,0.00018078847
2023-08-04,2.8240396e-05,0.00018079381
2023-08-07,8.070541e-05,0.0001807945
2023-08-08,1.7869263e-05,0.00018079708
2023-08-09,4.9894716e-05,0.0001807933
2023-08-10,6.284173e-08,0.0001807945
2023-08-11,1.145467e-06,0.00018079691
2023-08-14,3.2878812e-05,0.00018079673
2023-08-15,0.00013498116,0.00018079726
2023-08-16,5.7518297e-05,0.00018079432
2023-08-17,5.995113e-05,0.00018079778
2023-08-18,2.2117009e-08,0.00018079985
2023-08-21,4.699973e-05,0.00018080226
2023-08-22,7.735803e-06,0.00018080192
2023-08-23,0.000120655524,0.0001807988
2023-08-24,0.000183585,0.00018079985
2023-08-25,4.4829736e-05,0.00018079484
2023-08-28,3.9001006e-05,0.00018079985
2023-08-29,0.00020747719,0.00018079761
2023-08-30,1.463716e-05,0.0001807957
2023-08-31,2.5542847e-06,0.00018079088
2023-09-01,3.2310522e-06,0.00018078949
2023-09-05,1.766519e-05,0.00018079054
2023-09-06,4.8944217e-05,0.00018078984
2023-09-07,1.0345442e-05,0.0001807914
2023-09-08,2.0323525e-06,0.00018079381
2023-09-11,4.490275e-05,0.00018079537
2023-09-12,3.2628875e-05,0.00018079502
2023-09-13,1.5397388e-06,0.00018079225
2023-09-14,7.046907e-05,0.00018079432
2023-09-15,0.00014967432,0.00018079432
2023-09-18,5.198809e-07,0.00018079054
2023-09-19,4.6368186e-06,0.00018079502
2023-09-20,8.9098576e-05,0.00018079467
2023-09-21,0.00027346966,0.00018079484
2023-09-22,5.281895e-06,0.00018079708
2023-09-25,1.6120179e-05,0.0001808026
2023-09-26,0.00022034925,0.00018080311
2023-09-27,5.2572883e-08,0.00018080002
2023-09-28,3.4525932e-05,0.00018080468
2023-09-29,7.361778e-06,0.00018080416
2023-10-02,6.298709e-09,0.00018080087
2023-10-03,0.00019152887,0.00018080122
2023-10-04,6.5238695e-05,0.00018079985
2023-10-05,1.7027148e-06,0.00018080468
2023-10-06,0.0001379601,0.00018080087
2023-10-09,3.948951e-05,0.00018080139
2023-10-10,2.6982581e-05,0.00018079708
2023-10-11,1.835111e-05,0.00018079484
2023-10-12,3.9263068e-05,0.00018079313
2023-10-13,2.5315949e-05,0.00018079122
2023-10-16,0.00011106298,0.0001807933
2023-10-17,9.653038e-09,0.00018079605
2023-10-18,0.00018199111,0.00018079208
2023-10-19,7.257391e-05,0.00018079122
2023-10-20,0.00016040601,0.0001807957
2023-10-23,2.8459422e-06,0.00018079794
2023-10-24,5.24107e-05,0.00018080192
2023-10-25,0.00020861281,0.00018080244
2023-10-26,0.00014168334,0.00018079812
2023-10-27,2.315379e-05,0.00018080192
2023-10-30,0.00014252716,0.00018080519
2023-10-31,4.165521e-05,0.00018080675
2023-11-01,0.000109227476,0.00018080174
2023-11-02,0.00034905222,0.00018079932
2023-11-03,8.7420325e-05,0.00018079639
2023-11-06,3.0676042e-06,0.00018078984
2023-11-07,8.043426e-06,0.00018078707
2023-11-08,1.0088415e-06,0.00018078725
2023-11-09,6.588067e-05,0.00018078674
2023-11-10,0.00024011855,0.00018078674
2023-11-13,6.992111e-07,0.00018079122
2023-11-14,0.00035703502,0.00018078623
2023-11-15,2.5463805e-06,0.00018078812
2023-11-16,1.4154323e-06,0.00018078226
2023-11-17,1.641545e-06,0.00018078259
2023-11-20,5.4215296e-05,0.00018078294
2023-11-21,4.0924315e-06,0.00018078399
2023-11-22,1.642604e-05,0.00018078208
2023-11-24,3.5604566e-07,0.00018078399
2023-11-27,3.8262074e-06,0.00018078346
2023-11-28,9.596916e-07,0.00018078415
2023-11-29,8.962345e-07,0.0001807857
2023-11-30,1.426521e-05,0.00018078605
2023-12-01,3.4299283e-05,0.00018078742
2023-12-04,2.9410969e-05,0.00018078707
2023-12-05,3.2379697e-07,0.00018078518
2023-12-06,1.5318237e-05,0.00018078777
2023-12-07,6.298979e-05,0.00018078847
2023-12-08,1.6704666e-05,0.00018079088
2023-12-11,1.5341428e-05,0.0001807888
2023-12-12,2.1057203e-05,0.00018078795
2023-12-13,0.00018382873,0.00018078742
2023-12-14,6.988437e-06,0.00018078742
2023-12-15,5.8144285e-09,0.00018078329
2023-12-18,2.0413429e-05,0.00018078329
2023-12-19,3.421393e-05,0.00018078467
2023-12-20,0.00021883723,0.00018078432
2023-12-21,0.000105037274,0.00018078226
2023-12-22,2.7512265e-06,0.00018078915
2023-12-26,1.7831711e-05,0.0001807864
2023-12-27,2.0432863e-06,0.00018078674
2023-12-28,1.3697853e-07,0.00018078588
2023-12-29,8.011601e-06,0.00018078605
2024-01-02,3.2224478e-05,0.0001807864
2024-01-03,6.478026e-05,0.00018078777
2024-01-04,1.1794222e-05,0.00018078984
2024-01-05,3.3270549e-06,0.00018079295
2024-01-08,0.00019644672,0.00018079467
2024-01-09,2.1874228e-06,0.00018079467
2024-01-10,3.192228e-05,0.00018078966
2024-01-11,4.5061796e-07,0.00018079088
2024-01-12,5.635411e-07,0.00018078915
2024-01-16,1.3975029e-05,0.00018078984
2024-01-17,3.172766e-05,0.00018078984
2024-01-18,7.6855395e-05,0.00018079122
2024-01-19,0.00014977618,0.00018079397
2024-01-22,4.8045185e-06,0.0001807919
2024-01-23,8.509562e-06,0.00018078777
2024-01-24,6.586929e-07,0.00018078777
2024-01-25,2.7526583e-05,0.00018078742
2024-01-26,4.2510106e-07,0.00018078795
2024-01-29,5.6676286e-05,0.00018078691
2024-01-30,3.6099718e-07,0.00018078812
2024-01-31,0.00026363536,0.00018078588
2024-02-01,0.00015416415,0.0001807857
2024-02-02,0.000112949514,0.00018079295
2024-02-05,1.0185192e-05,0.00018078949
2024-02-06,5.3256913e-06,0.00018078588
2024-02-07,6.7366054e-05,0.00018078777
2024-02-08,3.253796e-07,0.00018078812
2024-02-09,3.2786127e-05,0.0001807857
2024-02-12,9.0136825e-07,0.00018078674
2024-02-13,0.00018957461,0.00018078518
2024-02-14,9.0900365e-05,0.00018078536
2024-02-15,3.3690743e-05,0.00018079173
2024-02-16,2.3184644e-05,0.00018078915
2024-02-20,3.6281668e-05,0.00018078707
2024-02-21,1.5961833e-06,0.00018078915
2024-02-22,0.00043693074,0.0001807919
2024-02-23,1.2102538e-07,0.00018079295
2024-02-26,1.4393975e-05,0.0001807857
2024-02-27,2.906669e-06,0.00018078605
2024-02-28,2.7540443e-06,0.00018078812
2024-02-29,2.7201133e-05,0.00018078812
2024-03-01,6.361556e-05,0.00018078949
2024-03-04,1.4255753e-06,0.00018078864
2024-03-05,0.00010496835,0.00018078623
2024-03-06,2.6295695e-05,0.00018078674
2024-03-07,0.00010509125,0.00018079122
2024-03-08,4.290149e-05,0.00018079054
2024-03-11,1.2608332e-06,0.00018078691
2024-03-12,0.00012408874,0.00018078949
2024-03-13,3.7109553e-06,0.00018079122
2024-03-14,8.266896e-06,0.00018078742
2024-03-15,4.2302312e-05,0.00018078847
2024-03-18,3.9667124e-05,0.00018078949
2024-03-19,3.173354e-05,0.00018079278
2024-03-20,7.858407e-05,0.00018079104
2024-03-21,1.0441358e-05,0.00018078984
2024-03-22,1.9688912e-06,0.00018078742
2024-03-25,9.361399e-06,0.00018078656
2024-03-26,7.860857e-06,0.0001807876
2024-03-27,7.3849886e-05,0.00018078915
2024-03-28,1.2451495e-06,0.00018079122
2024-04-01,4.062702e-06,0.00018078864
2024-04-02,5.2785865e-05,0.00018078847
2024-04-03,1.1892503e-06,0.00018078915
2024-04-04,0.0001540338,0.00018079225
2024-04-05,0.00012183855,0.00018079155
2024-04-08,1.4040099e-07,0.00018079673
2024-04-09,2.0864343e-06,0.00018079278
2024-04-10,9.0287656e-05,0.00018079295
2024-04-11,5.501518e-05,0.0001807919
2024-04-12,0.00021484488,0.00018079605
2024-04-15,0.00014626957,0.00018079243
2024-04-16,4.237935e-06,0.00018079691
2024-04-17,3.3609558e-05,0.00018080087
2024-04-18,4.88676e-06,0.00018080087
2024-04-19,7.738949e-05,0.00018080226
2024-04-22,7.557435e-05,0.00018080192
2024-04-23,0.00014145693,0.00018080484
2024-04-24,4.5363624e-08,0.00018080157
2024-04-25,2.1039967e-05,0.00018079673
2024-04-26,0.000103172395,0.00018079588
2024-04-29,1.0070519e-05,0.00018079812
2024-04-30,0.0002513985,0.00018079432
2024-05-01,1.1842913e-05,0.00018079225
2024-05-02,8.257402e-05,0.00018079778
2024-05-03,0.0001557144,0.0001807995
2024-05-06,0.0001055381,0.00018079656
2024-05-07,1.802382e-06,0.0001807926
2024-05-08,3.4054638e-11,0.0001807888
2024-05-09,2.5786416e-05,0.0001807888
2024-05-10,2.716036e-06,0.00018078949
2024-05-13,5.82417e-08,0.0001807883
2024-05-14,2.329171e-05,0.00018078812
2024-05-15,0.00013567189,0.0001807888
2024-05-16,4.342379e-06,0.0001807883
2024-05-17,1.3551188e-06,0.00018078467
2024-05-20,8.390016e-07,0.00018078605
2024-05-21,6.2437502e-06,0.0001807864
2024-05-22,7.3429683e-06,0.00018078707
2024-05-23,5.4880868e-05,0.0001807864
2024-05-24,4.867363e-05,0.00018078777
2024-05-28,6.1886965e-08,0.0001807914
2024-05-29,5.4675926e-05,0.00018078915
2024-05-30,3.591554e-05,0.00018078898
2024-05-31,6.393321e-05,0.00018079155
2024-06-03,1.2442515e-06,0.00018079467
2024-06-04,2.2550457e-06,0.0001807919
2024-06-05,0.00013872166,0.00018079173
2024-06-06,3.993467e-08,0.00018079208
2024-06-07,1.2451035e-06,0.00018078812
2024-06-10,6.643661e-06,0.00018078864
2024-06-11,7.3263054e-06,0.00018078966
2024-06-12,7.1702285e-05,0.00018078949
2024-06-13,5.484549e-06,0.00018078949
2024-06-14,1.5518737e-07,0.00018078707
2024-06-17,5.8295736e-05,0.00018078674
2024-06-18,6.3411003e-06,0.00018078812
2024-06-20,6.3964853e-06,0.00018078605
2024-06-21,2.4440685e-06,0.0001807857
2024-06-24,9.424158e-06,0.00018078742
2024-06-25,1.5412485e-05,0.00018078847
2024-06-26,2.4686576e-06,0.00018079019
2024-06-27,8.224855e-07,0.00018078915
2024-06-28,1.6744574e-05,0.00018078915
2024-07-01,7.1395357e-06,0.00018078915
2024-07-02,3.8145517e-05,0.00018079088
2024-07-03,2.5720743e-05,0.00018079088
2024-07-05,2.9528077e-05,0.00018078931
2024-07-08,1.0326269e-06,0.00018078812
2024-07-09,5.487809e-07,0.00018078674
2024-07-10,0.000103150735,0.00018078707
2024-07-11,7.746904e-05,0.00018078812
2024-07-12,3.0270508e-05,0.0001807845
2024-07-15,7.964905e-06,0.0001807888
2024-07-16,4.05648e-05,0.00018078777
2024-07-17,0.00019671301,0.00018078777
2024-07-18,6.157717e-05,0.00018078518
2024-07-19,5.1349823e-05,0.00018079036
2024-07-22,0.00011522342,0.00018079313
2024-07-23,2.4314716e-06,0.00018079656
2024-07-24,0.0005485546,0.0001807926
2024-07-25,2.6583191e-05,0.00018079155
2024-07-26,0.00012164812,0.00018079985
2024-07-29,6.6093577e-07,0.00018080209
2024-07-30,2.47259e-05,0.00018079761
2024-07-31,0.0002455483,0.00018079656
2024-08-01,0.00019011236,0.00018079915
2024-08-02,0.00034421033,0.00018079225
2024-08-05,0.00092580484,0.00018079605
2024-08-06,0.0001061075,0.00018080087
2024-08-07,6.0290804e-05,0.00018081191
2024-08-08,0.0005189803,0.0001808064
2024-08-09,2.1723043e-05,0.0001808095
2024-08-12,1.8518436e-09,0.00018080053
2024-08-13,0.00027913164,0.00018079794
2024-08-14,1.4565188e-05,0.00018079863
2024-08-15,0.00025614368,0.0001807926
2024-08-16,3.9513584e-06,0.00018079225
2024-08-19,9.361196e-05,0.00018078691
2024-08-20,3.9462907e-06,0.00018078725
2024-08-21,1.7898947e-05,0.00018078432
2024-08-22,8.0513695e-05,0.00018078605
2024-08-23,0.0001303693,0.00018078483
2024-08-26,9.97745e-06,0.00018078949
2024-08-27,2.5405973e-06,0.0001807857
2024-08-28,3.5926845e-05,0.00018078777
2024-08-29,1.5507721e-09,0.00018078725
2024-08-30,0.00010085094,0.00018078984
2024-09-03,0.0004570173,0.00018079071
2024-09-04,2.5722675e-06,0.00018078605
2024-09-05,9.135996e-06,0.00018079397
2024-09-06,0.000303141,0.0001807945
2024-09-09,0.00013256147,0.0001807945
2024-09-10,1.9915691e-05,0.00018080139
2024-09-11,0.00011254146,0.00018079708
2024-09-12,5.576135e-05,0.00018079588
2024-09-13,2.9085983e-05,0.00018079225
2024-09-16,1.5771362e-06,0.00018079019
2024-09-17,6.996824e-08,0.0001807888
2024-09-18,8.413821e-06,0.0001807888
2024-09-19,0.00028339558,0.00018078898
2024-09-20,3.7749135e-06,0.00018079155
2024-09-23,7.869901e-06,0.00018078588
2024-09-24,6.29022e-06,0.00018078742
2024-09-25,3.4707064e-06,0.00018078725
2024-09-26,1.624527e-05,0.00018078691
2024-09-27,1.5725233e-06,0.00018078847
2024-09-30,1.7872633e-05,0.0001807876
2024-10-01,8.775659e-05,0.0001807888
2024-10-02,1.9149391e-08,0.00018078707
2024-10-03,2.8319123e-06,0.00018079088
2024-10-04,7.9749465e-05,0.00018079104
2024-10-07,9.278051e-05,0.0001807926
2024-10-08,9.29818e-05,0.00018078898
2024-10-09,5.024302e-05,0.0001807933
2024-10-10,4.2942966e-06,0.00018079054
2024-10-11,3.6404435e-05,0.00018078812
2024-10-14,5.8953443e-05,0.00018078966
2024-10-15,5.834769e-05,0.00018078847
2024-10-16,2.1792397e-05,0.0001807857
2024-10-17,2.9300924e-08,0.00018078949
2024-10-18,1.5710813e-05,0.00018078847
2024-10-21,3.3285548e-06,0.00018078931
2024-10-22,2.2559334e-07,0.00018078812
2024-10-23,8.526351e-05,0.00018078931
2024-10-24,4.594477e-06,0.00018078949
2024-10-25,8.969547e-08,0.0001807933
2024-10-28,7.011558e-06,0.0001807926
2024-10-29,2.6012076e-06,0.00018079295
2024-10-30,1.0927597e-05,0.00018079225
2024-10-31,0.00035306916,0.00018079155
2024-11-01,1.6680347e-05,0.0001807919
2024-11-04,7.930108e-06,0.00018079898
2024-11-05,0.00014862124,0.00018079726
2024-11-06,0.0006240644,0.00018079845
2024-11-07,5.4815577e-05,0.0001807957
2024-11-08,1.4060955e-05,0.00018078707
2024-11-11,9.381747e-07,0.000180785
2024-11-12,8.391748e-06,0.0001807845
2024-11-13,5.3917194e-08,0.000180785
2024-11-14,3.682194e-05,0.00018078674
2024-11-15,0.00017666213,0.00018078707
2024-11-18,1.528935e-05,0.00018078915
2024-11-19,1.5647962e-05,0.00018079467
2024-11-20,4.818298e-10,0.00018079346
2024-11-21,2.8368959e-05,0.0001807919
2024-11-22,1.1985164e-05,0.0001807926
2024-11-25,9.095821e-06,0.00018079088
2024-11-26,3.255498e-05,0.00018079019
2024-11-27,1.4504528e-05,0.00018078984
2024-11-29,3.127181e-05,0.00018078777
2024-12-02,5.9802937e-06,0.00018078984
2024-12-03,2.0371434e-07,0.00018078847
2024-12-04,3.639928e-05,0.00018078812
2024-12-05,3.502609e-06,0.00018078915
2024-12-06,6.2117856e-06,0.00018078742
2024-12-09,3.798463e-05,0.0001807888
2024-12-10,8.810712e-06,0.00018078812
2024-12-11,6.613961e-05,0.00018079054
2024-12-12,2.9471124e-05,0.0001807926
2024-12-13,7.0050155e-10,0.00018078949
2024-12-16,1.438044e-05,0.00018079173
2024-12-17,1.49883535e-05,0.00018079225
2024-12-18,0.00089619437,0.00018079071
2024-12-19,7.4906734e-07,0.00018079054
2024-12-20,0.00011686647,0.00018080157
2024-12-23,5.2719937e-05,0.00018080226
2024-12-24,0.000120609446,0.00018079812
2024-12-26,1.6462583e-07,0.0001807957
2024-12-27,0.00012359447,0.00018079155
2024-12-30,0.000115770585,0.00018079122
2024-12-31,1.8438492e-05,0.00018079467
2025-01-02,4.956693e-06,0.00018079845
2025-01-03,0.00015668423,0.0001807995
2025-01-06,3.0500949e-05,0.00018080053
2025-01-07,0.00012468004,0.00018079605
2025-01-08,2.4309304e-06,0.00018079313
2025-01-10,0.00024123177,0.00018079726
2025-01-13,2.4781193e-06,0.0001807957
2025-01-14,1.3124528e-06,0.00018080087
2025-01-15,0.00032931843,0.00018080002
2025-01-16,4.472905e-06,0.00018080036
2025-01-17,9.883299e-05,0.00018079295
2025-01-21,7.6213066e-05,0.00018079432
2025-01-22,3.7444377e-05,0.00018079122
2025-01-23,2.8083847e-05,0.0001807888
2025-01-24,8.175116e-06,0.00018078742
2025-01-27,0.00021573908,0.00018078605
2025-01-28,8.419245e-05,0.00018078674
2025-01-29,2.1994938e-05,0.0001807933
2025-01-30,2.768389e-05,0.00018078984
2025-01-31,2.5599593e-05,0.00018079208
2025-02-03,5.833432e-05,0.00018079019
2025-02-04,5.1824267e-05,0.00018079173
2025-02-05,1.5218222e-05,0.00018079502
2025-02-06,1.3232675e-05,0.00018079278
2025-02-07,9.043716e-05,0.00018079155
2025-02-10,4.4757602e-05,0.00018078984
2025-02-11,1.15277324e-07,0.00018079397
2025-02-12,7.43971e-06,0.00018079155
2025-02-13,0.000107584885,0.00018079155
2025-02-14,5.176284e-09,0.0001807933
2025-02-18,5.9633817e-06,0.00018078984
2025-02-19,5.636583e-06,0.00018079036
2025-02-20,1.8866904e-05,0.00018079019
2025-02-21,0.00029623217,0.00018078931
2025-02-24,2.4815277e-05,0.00018079036
2025-02-25,2.2002809e-05,0.00018079639
2025-02-26,1.8500089e-08,0.00018079778
2025-02-27,0.00025573582,0.00018079915
2025-02-28,0.00024742598,0.00018079778
2025-03-03,0.0003151833,0.00018080416
2025-03-04,0.0001515432,0.00018079656
2025-03-05,0.00012315389,0.00018080192
2025-03-06,0.0003232688,0.0001808064
2025-03-07,3.0309815e-05,0.0001808002
2025-03-10,0.00074766926,0.00018080622
2025-03-11,5.7709043e-05,0.00018080192
2025-03-12,2.3765313e-05,0.00018081036
2025-03-13,0.00019567441,0.00018081226
2025-03-14,0.0004428039,0.00018080811
2025-03-17,4.0904146e-05,0.00018081312
2025-03-18,0.00011471839,0.00018080468
2025-03-19,0.000115360664,0.00018080036
2025-03-20,4.784209e-06,0.00018080433
2025-03-21,6.794929e-07,0.0001807995
2025-03-24,0.00030597416,0.00018079967
2025-03-25,2.4746294e-06,0.00018080002
2025-03-26,0.00012588032,0.00018079346
2025-03-27,1.0972398e-05,0.0001807919
2025-03-28,0.00039738833,0.00018079588
2025-03-31,3.0506184e-05,0.0001807957
2025-04-01,1.4243865e-05,0.00018080295
2025-04-02,4.4965895e-05,0.00018080071
2025-04-03,0.0024607466,0.00018079915
2025-04-04,0.0037956764,0.0001807933
2025-04-07,5.4484644e-06,0.00018080692
2025-04-08,0.00025043325,0.00018082811
2025-04-09,0.008261879,0.00018082536
2025-04-10,0.0012404912,0.00018083467
2025-04-11,0.00032149855,0.00018079605
2025-04-14,6.2620624e-05,0.00018080846
2025-04-15,2.9903929e-06,0.00018080157
2025-04-16,0.00051362306,0.00018079778
2025-04-17,1.7581663e-06,0.00018079673
2025-04-21,0.0005688057,0.00018080468
2025-04-22,0.0006153849,0.00018080192
2025-04-23,0.00027303808,0.00018081158
2025-04-24,0.00040226834,0.00018080244
2025-04-25,5.3964963e-05,0.00018079673
2025-04-28,4.1024222e-07,0.00018078984
2025-04-29,3.3473647e-05,0.00018078742
2025-04-30,2.1871372e-06,0.00018078812
2025-05-01,3.9430182e-05,0.00018078656
2025-05-02,0.00021372075,0.00018078691
2025-05-05,4.0986208e-05,0.00018078605
2025-05-06,5.9644502e-05,0.00018078087
2025-05-07,1.8809033e-05,0.00018078364
2025-05-08,3.3443335e-05,0.00018078777
2025-05-09,5.0656547e-07,0.00018078707
2025-05-12,0.0010265601,0.0001807857
2025-05-13,5.2158135e-05,0.00018078864
2025-05-14,1.0483533e-06,0.00018077828
2025-05-15,1.700587e-05,0.00018077674
2025-05-16,4.8732258e-05,0.00018077811
2025-05-19,7.6690225e-07,0.00018077846
2025-05-20,1.5114811e-05,0.00018077726
2025-05-21,0.00026460615,0.00018077846
2025-05-22,1.9799832e-07,0.00018078017
2025-05-23,4.530501e-05,0.00018078725
2025-05-27,0.00041016703,0.00018078777
2025-05-28,3.1212363e-05,0.0001807919
2025-05-29,1.6025377e-05,0.00018078483
2025-05-30,6.5915655e-09,0.00018078777
2025-06-02,1.6757982e-05,0.00018078691
2025-06-03,3.344926e-05,0.00018078777
2025-06-04,5.429442e-09,0.00018078742
2025-06-05,2.7998469e-05,0.00018078588
2025-06-06,0.000104615996,0.00018078623
2025-06-09,8.455266e-07,0.00018078949
2025-06-10,2.9899162e-05,0.0001807864
2025-06-11,7.5496373e-06,0.00018078725
2025-06-12,1.455524e-05,0.00018078588
2025-06-13,0.00012906479,0.00018078777
2025-06-16,8.740049e-05,0.0001807864
2025-06-17,7.034613e-05,0.0001807919
2025-06-18,9.565909e-08,0.00018078847
2025-06-20,4.7569147e-06,0.00018079173
2025-06-23,9.1406124e-05,0.0001807919
2025-06-24,0.00012233086,0.00018079364
2025-06-25,1.0798508e-11,0.00018079104
2025-06-26,6.3810236e-05,0.00018078725
2025-06-27,2.7096181e-05,0.0001807883
2025-06-30,2.6534217e-05,0.0001807864
2025-07-01,1.2525127e-06,0.0001807857
2025-07-02,2.2409566e-05,0.00018078432
2025-07-03,6.89627e-05,0.00018078588
2025-07-07,6.230526e-05,0.00018078553
2025-07-08,5.1286116e-07,0.00018078294
2025-07-09,3.6527552e-05,0.00018078674
2025-07-10,7.520983e-06,0.00018078812
2025-07-11,1.0909623e-05,0.00018078674
2025-07-14,1.9780293e-06,0.00018078605
2025-07-15,1.5714446e-05,0.00018078812
2025-07-16,1.0166969e-05,0.00018078777
2025-07-17,2.8722956e-05,0.00018079001
2025-07-18,8.188495e-09,0.00018078949
2025-07-21,1.954843e-06,0.00018078812
2025-07-22,4.061876e-07,0.0001807888
2025-07-23,6.0552244e-05,0.0001807888
2025-07-24,4.8717607e-07,0.00018078949
2025-07-25,1.5732734e-05,0.00018078725
2025-07-28,3.127326e-08,0.00018078795
2025-07-29,8.784289e-06,0.00018078707
2025-07-30,1.5630349e-06,0.00018078742
2025-07-31,1.3702302e-05,0.00018078915
2025-08-01,0.00025989913,0.00018078984
2025-08-04,0.00021402416,0.00018079054
2025-08-05,2.3714016e-05,0.00018079761
2025-08-06,5.26426e-05,0.0001807919
2025-08-07,6.364819e-07,0.00018079414
2025-08-08,6.036443e-05,0.00018079155
2025-08-11,6.2863946e-06,0.0001807926
2025-08-12,0.00012727357,0.00018078984
2025-08-13,1.0399808e-05,0.00018079155
2025-08-14,9.18362e-08,0.00018078812
2025-08-15,8.417774e-06,0.0001807876
2025-08-18,1.0154242e-08,0.00018078777
2025-08-19,3.4519493e-05,0.00018078949
2025-08-20,5.927426e-06,0.00018078949
2025-08-21,1.6097907e-05,0.00018079208
2025-08-22,0.00022717378,0.00018079295
2025-08-25,1.8280007e-05,0.00018079537
2025-08-26,1.7019533e-05,0.00018078984
2025-08-27,5.703167e-06,0.00018079173
2025-08-28,9.933512e-06,0.00018079071
2025-08-29,4.120023e-05,0.00018079019
2025-09-02,4.825178e-05,0.00018078915
2025-09-03,2.5878711e-05,0.00018079122
2025-09-04,6.9086804e-05,0.00018079432
2025-09-05,1.0049995e-05,0.00018079313
2025-09-08,4.425825e-06,0.00018079019
2025-09-09,7.206793e-06,0.00018079155
2025-09-10,8.874609e-06,0.0001807914
2025-09-11,7.140398e-05,0.00018079088
2025-09-12,2.3317105e-07,0.00018079071
2025-09-15,2.204845e-05,0.00018078795
2025-09-16,1.6609034e-06,0.0001807888
2025-09-17,9.421402e-07,0.0001807876
2025-09-18,2.2826302e-05,0.00018078847
2025-09-19,2.3751236e-05,0.00018078966
2025-09-22,1.9363086e-05,0.0001807888
2025-09-23,3.0441171e-05,0.00018078777
2025-09-24,8.126361e-06,0.0001807864
2025-09-25,2.5216956e-05,0.0001807888
2025-09-26,3.4627214e-05,0.00018079019
2025-09-29,6.927831e-06,0.0001807926
2025-09-30,1.6666836e-05,0.00018079088
2025-10-01,1.1520283e-05,0.00018079054
2025-10-02,3.8212627e-07,0.00018078949
2025-10-03,4.291646e-09,0.0001807888
2025-10-06,1.3249303e-05,0.0001807888
2025-10-07,1.4582376e-05,0.00018078966
2025-10-08,3.3764798e-05,0.00018078847
2025-10-09,7.6141446e-06,0.00018079071
2025-10-10,0.00075547886,0.0001807888
2025-10-13,0.00023957662,0.00018078847
2025-10-14,2.4509516e-06,0.00018079985
2025-10-15,1.614367e-05,0.00018079397
2025-10-16,3.9870134e-05,0.00018079467
2025-10-17,2.7634724e-05,0.00018079295
2025-10-20,0.0001126936,0.00018079554
2025-10-21,1.069023e-09,0.00018079432
2025-10-22,2.8642135e-05,0.00018079054
2025-10-23,3.3761677e-05,0.00018079019
2025-10-24,6.195834e-05,0.00018079295
2025-10-27,0.00014920968,0.00018079155
2025-10-28,5.2227356e-06,0.00018078984
2025-10-29,1.899147e-09,0.00018078588
2025-10-30,9.9085926e-05,0.00018078588
2025-10-31,6.835615e-06,0.00018078605
2025-11-03,2.9557655e-06,0.00018079036
2025-11-04,0.00013938754,0.00018079001
2025-11-05,1.3299863e-05,0.00018078915
2025-11-06,0.0001263631,0.00018079381
2025-11-07,1.5902378e-06,0.00018079208
2025-11-10,0.00023358925,0.00018079621
2025-11-11,4.298158e-06,0.00018079656
2025-11-12,3.9604257e-07,0.00018079104
2025-11-13,0.0002787381,0.00018079054
2025-11-14,2.5185489e-07,0.00018078949
2025-11-17,8.472278e-05,0.0001807957
2025-11-18,6.873587e-05,0.00018079537
2025-11-19,1.4038568e-05,0.00018079812
2025-11-20,0.0002461675,0.00018080104
2025-11-21,9.555264e-05,0.00018079812
2025-11-24,0.00023558624,0.00018080398
2025-11-25,8.137638e-05,0.00018080087
2025-11-26,4.737527e-05,0.00018079537
2025-11-28,2.8520804e-05,0.00018079225
2025-12-01,2.8489427e-05,0.00018079019
2025-12-02,6.023202e-06,0.0001807883
2025-12-03,8.85277e-06,0.00018079088
2025-12-04,1.1658357e-06,0.00018079054
2025-12-05,3.7433306e-06,0.00018078984
2025-12-08,1.2133486e-05,0.00018078984
2025-12-09,7.6867855e-07,0.00018078949
2025-12-10,4.5250923e-05,0.00018079122
2025-12-11,4.3147265e-06,0.00018079208
2025-12-12,0.00011493798,0.00018079019
2025-12-15,2.5530892e-06,0.0001807888
2025-12-16,5.6966423e-06,0.00018079295
2025-12-17,0.00013595226,0.00018079364
2025-12-18,6.2456646e-05,0.00018079364
2025-12-19,7.7077995e-05,0.00018079829
2025-12-22,4.1163396e-05,0.0001807957
2025-12-23,2.061221e-05,0.00018079278
2025-12-24,1.0344614e-05,0.00018079088
2025-12-26,9.2665374e-08,0.00018078966
2025-12-29,1.2237144e-05,0.00018078898
2025-12-30,1.8950668e-06,0.00018078931
2025-12-31,5.4536267e-05,0.00018079088
2026-01-02,3.5831235e-06,0.0001807914
2026-01-05,4.0119867e-05,0.00018079432
2026-01-06,3.816264e-05,0.00018079414
2026-01-07,1.1873907e-05,0.00018079225
2026-01-08,5.8591874e-09,0.00018078984
2026-01-09,4.1662006e-05,0.00018079155
2026-01-12,2.4850056e-06,0.00018079225
2026-01-13,3.7675027e-06,0.00018079019
2026-01-14,2.8597186e-05,0.00018078984
2026-01-15,6.638888e-06,0.00018079036
2026-01-16,4.128174e-07,0.00018079278
2026-01-20,0.00043440817,0.0001807919
2026-01-21,0.00013273615,0.00018079122
2026-01-22,2.9948264e-05,0.0001807995
2026-01-23,1.06808976e-07,0.0001807957
2026-01-26,2.4935984e-05,0.0001807933
2026-01-27,1.6594118e-05,0.00018079364
2026-01-28,6.679203e-09,0.00018079208
2026-01-29,1.673058e-06,0.00018079088
2026-01-30,1.8586268e-05,0.00018079088
2026-02-02,2.890982e-05,0.0001807914
2026-02-03,7.1225084e-05,0.00018079364
2026-02-04,2.5860278e-05,0.00018079122
2026-02-05,0.00015194698,0.00018079414
2026-02-06,0.00038041946,0.00018079537
2026-02-09,2.1903503e-05,0.00018080087
2026-02-10,1.0950687e-05,0.00018079364
2026-02-11,2.3968143e-09,0.00018079173
2026-02-12,0.00024916438,0.00018079295
2026-02-13,2.489657e-07,0.00018079225
2026-02-17,1.0625293e-06,0.00018079794
2026-02-18,3.080957e-05,0.00018079761
2026-02-19,7.986928e-06,0.00018079743
2026-02-20,4.7827678e-05,0.00018079484
2026-02-23,0.000108992754,0.00018079621
2026-02-24,5.8102338e-05,0.00018079295
2026-02-25,6.566564e-05,0.00018079726
2026-02-26,2.894469e-05,0.00018079467
2026-02-27,1.8912018e-05,0.00018079155
2026-03-02,1.5862331e-07,0.0001807933
2026-03-03,9.0039386e-05,0.00018079502
2026-03-04,5.969302e-05,0.00018079414
2026-03-05,3.206626e-05,0.00018079794
2026-03-06,0.00017864248,0.00018079467
2026-03-09,6.839078e-05,0.0001807957
2026-03-10,4.5684897e-06,0.00018080087
2026-03-11,7.0216385e-07,0.00018079743
2026-03-12,0.00023546314,0.00018079761
2026-03-13,3.693657e-05,0.00018079673
2026-03-16,0.00010160458,0.00018080139
2026-03-17,6.2058252e-06,0.0001808038
2026-03-18,0.00018771738,0.0001807995
2026-03-19,7.576711e-06,0.00018079708
2026-03-20,0.0002326825,0.00018080157
2026-03-23,0.00012968903,0.00018080104
2026-03-24,1.4059466e-05,0.00018080657
2026-03-25,2.9208553e-05,0.00018080139
2026-03-26,0.00030833395,0.00018080226
2026-03-27,0.00028436858,0.00018079845
2026-03-30,1.5630589e-05,0.00018080328
2026-03-31,0.0008245451,0.00018080846
2026-04-01,5.1021663e-05,0.00018081053
2026-04-02,1.2549559e-06,0.00018079932
2026-04-06,1.9510006e-05,0.00018079605
2026-04-07,5.7602034e-07,0.0001807957
2026-04-08,0.00061365386,0.00018079397
2026-04-09,3.7835624e-05,0.00018079537
2026-04-10,1.2977076e-06,0.00018078674
2026-04-13,0.000102452366,0.000180785
2026-04-14,0.00013721753,0.00018078674
2026-04-15,6.310944e-05,0.00018078467
2026-04-16,6.7941332e-06,0.00018078157
2026-04-17,0.00014324629,0.00018078017
2026-04-20,5.6510603e-06,0.00018078087
2026-04-21,4.0557203e-05,0.00018077777
2026-04-22,0.00010827976,0.0001807795
2026-04-23,1.715146e-05,0.00018078364
2026-04-24,6.307644e-05,0.0001807807
2026-04-27,1.5168829e-06,0.00018078364
2026-04-28,2.407068e-05,0.00018078173
2026-04-29,1.5940195e-07,0.00018078226
2026-04-30,0.00010375835,0.00018078483
